<?xml version="1.0"?><!DOCTYPE article PUBLIC "-//NLM//DTD JATS (Z39.96) Journal Publishing DTD v1.0 20120330//EN" "http://jats.nlm.nih.gov/publishing/1.0/JATS-journalpublishing1.dtd">
<article xmlns:mml="http://www.w3.org/1998/Math/MathML" xmlns:xlink="http://www.w3.org/1999/xlink" article-type="Optica Fall Vision Meeting Abstract">
	<front>
		<journal-meta>
			<journal-id journal-id-type="hwp">jov</journal-id>
			<journal-id journal-id-type="publisher-id">JOVI</journal-id>
			<journal-title-group>
				<journal-title>Journal of Vision</journal-title>
			</journal-title-group>
			<issn pub-type="epub">1534-7362</issn>
			<publisher>
				<publisher-name>Association for Research in Vision and Ophthalmology</publisher-name>
			</publisher>
		</journal-meta>
		<article-meta>
			<article-id pub-id-type="doi">10.1167/jov.23.15.34</article-id>
			<article-id pub-id-type="manuscript">Talks_34</article-id>
			<article-categories>
				<subj-group subj-group-type="category">
					<subject>Poster Session I</subject>
				</subj-group>
			</article-categories>
			<title-group>
				<article-title>Poster Session I: Diurnal variations in luminance and chromatic contrast sensitivity</article-title>
			</title-group>
			<contrib-group>
                          
				<contrib contrib-type="author">
					<name>
						<surname>Koida</surname>
						<given-names>Kowa</given-names>
					</name>
                                        
					<xref ref-type="aff" rid="aff1"><sup>1</sup></xref>


				</contrib>




                          
				<aff id="aff1">
					<label><sup>1</sup></label>
					<institution>Toyohashi University of Technology</institution>
				</aff>


			</contrib-group>
			<pub-date pub-type="ppub"><month>12</month>
				<year>2023</year>
			</pub-date>
			<pub-date pub-type="epub"><month>12</month>
				<year>2023</year>
			</pub-date>
						<volume>23</volume>
						<issue>15</issue>
						<fpage>34</fpage>
						<lpage>34</lpage>
			<permissions>
				<license license-type="cc-by-nc-nd" xlink:href="http://creativecommons.org/licenses/by-nc-nd/4.0/">
					<license-p>This work is licensed under a Creative Commons Attribution-NonCommercial-NoDerivatives 4.0 International License.</license-p>
				</license>
			</permissions>
			<abstract>
				<p>Sensory motor performance typically peaks in the evening, influenced by observer&#39;s diurnal arousal level. The arousal level is regulated by neurons in the brainstem, which form connections extending throughout the brain but the connection is highly heterogeneous. The dorsal visual pathway and superior colliculus receive a dense projections, while the ventral visual pathway and lateral geniculate nucleus receive fewer. The former primarily deal with stimuli determined by luminance contrast, while the latter handle chromatic information. How such heterogeneous projection in the brain impacts on human visual detection performance has yet to be understood. In this study, we measured the diurnal variation in human contrast sensitivity and investigated whether changes differed between luminance and chromatic stimuli. Result revealed that as the time of day progressed, sensitivity to luminance contrast improved, while sensitivity to color contrast deteriorated.</p>
			</abstract>
		</article-meta>
	</front>
	<back>
                
               <fn-group>
			<fn>
				<p>Funding: Funding: KAKENHI (21H05820)</p>
			</fn>
		</fn-group>

	</back>
</article>