<?xml version="1.0"?><!DOCTYPE article PUBLIC "-//NLM//DTD JATS (Z39.96) Journal Publishing DTD v1.0 20120330//EN" "http://jats.nlm.nih.gov/publishing/1.0/JATS-journalpublishing1.dtd">
<article xmlns:mml="http://www.w3.org/1998/Math/MathML" xmlns:xlink="http://www.w3.org/1999/xlink" article-type="Optica Fall Vision Meeting Abstract">
	<front>
		<journal-meta>
			<journal-id journal-id-type="hwp">jov</journal-id>
			<journal-id journal-id-type="publisher-id">JOVI</journal-id>
			<journal-title-group>
				<journal-title>Journal of Vision</journal-title>
			</journal-title-group>
			<issn pub-type="epub">1534-7362</issn>
			<publisher>
				<publisher-name>Association for Research in Vision and Ophthalmology</publisher-name>
			</publisher>
		</journal-meta>
		<article-meta>
			<article-id pub-id-type="doi">10.1167/jov.23.15.56</article-id>
			<article-id pub-id-type="manuscript">Talks_56</article-id>
			<article-categories>
				<subj-group subj-group-type="category">
					<subject>Poster Session II</subject>
				</subj-group>
			</article-categories>
			<title-group>
				<article-title>Poster Session II: Luminance and chromaticity discrimination sensitivities following a sudden decrease in background luminance</article-title>
			</title-group>
			<contrib-group>
                          
				<contrib contrib-type="author">
					<name>
						<surname>Son</surname>
						<given-names>Minwoo</given-names>
					</name>
                                        
					<xref ref-type="aff" rid="aff1"><sup>1</sup></xref>


				</contrib>



				<contrib contrib-type="author">
					<name>
						<surname>Nagai</surname>
						<given-names>Takehiro</given-names>
					</name>
                                        
					<xref ref-type="aff" rid="aff1"><sup>1</sup></xref>


				</contrib>




                          
				<aff id="aff1">
					<label><sup>1</sup></label>
					<institution>Tokyo Institute of Technology</institution>
				</aff>


			</contrib-group>
			<pub-date pub-type="ppub"><month>12</month>
				<year>2023</year>
			</pub-date>
			<pub-date pub-type="epub"><month>12</month>
				<year>2023</year>
			</pub-date>
						<volume>23</volume>
						<issue>15</issue>
						<fpage>56</fpage>
						<lpage>56</lpage>
			<permissions>
				<license license-type="cc-by-nc-nd" xlink:href="http://creativecommons.org/licenses/by-nc-nd/4.0/">
					<license-p>This work is licensed under a Creative Commons Attribution-NonCommercial-NoDerivatives 4.0 International License.</license-p>
				</license>
			</permissions>
			<abstract>
				<p>When we enter a dark place like a tunnel from a bright exterior, our visual sensitivities take some time to adapt to the lower light level. However, there have been few reports about how quickly our sensitivities of luminance and chromaticity discrimination recover in this situation. This study aimed to quantify the time course of discrimination sensitivity for luminance and chromaticity directions after an abrupt decrease in background luminance. In each trial, the background luminance dropped from 100 cd/m² to 1 cd/m². Then, one target and three reference stimuli with different colors were presented under four stimulus onset asynchrony (SOA) conditions. The observer was asked to discriminate the target stimulus from the reference stimuli. The results showed that discrimination sensitivity was lowest right after the background luminance change and gradually improved with SOAs. However, sensitivity recovery differed across color directions, with the most improvement in luminance, followed by S, and negligible change in L-M. There was a statistically significant difference between +S and ±(L-M) sensitivities, indicating that the sensitivity recovery after the sudden background luminance change differed between chromaticity directions. Based on the comparison with previous studies, we speculate that both adaptation and masking may contribute to the temporal change of discrimination sensitivities.</p>
			</abstract>
		</article-meta>
	</front>
	<back>
                
               <fn-group>
			<fn>
				<p>Funding: Funding: This work was supported by Lotte Foundation Scholarship</p>
			</fn>
		</fn-group>

	</back>
</article>