<?xml version="1.0"?><!DOCTYPE article PUBLIC "-//NLM//DTD JATS (Z39.96) Journal Publishing DTD v1.0 20120330//EN" "http://jats.nlm.nih.gov/publishing/1.0/JATS-journalpublishing1.dtd">
<article xmlns:mml="http://www.w3.org/1998/Math/MathML" xmlns:xlink="http://www.w3.org/1999/xlink" article-type="Optica Fall Vision Meeting Abstract">
	<front>
		<journal-meta>
			<journal-id journal-id-type="hwp">jov</journal-id>
			<journal-id journal-id-type="publisher-id">JOVI</journal-id>
			<journal-title-group>
				<journal-title>Journal of Vision</journal-title>
			</journal-title-group>
			<issn pub-type="epub">1534-7362</issn>
			<publisher>
				<publisher-name>Association for Research in Vision and Ophthalmology</publisher-name>
			</publisher>
		</journal-meta>
		<article-meta>
			<article-id pub-id-type="doi">10.1167/jov.23.15.40</article-id>
			<article-id pub-id-type="manuscript">Talks_40</article-id>
			<article-categories>
				<subj-group subj-group-type="category">
					<subject>Poster Session I</subject>
				</subj-group>
			</article-categories>
			<title-group>
				<article-title>Poster Session I: LissEYEjous Tracker - precise fundus tracking device based on ultrafast Lissajous scanning</article-title>
			</title-group>
			<contrib-group>
                          
				<contrib contrib-type="author">
					<name>
						<surname>Bartuzel</surname>
						<given-names>Maciej Marcin</given-names>
					</name>
                                        
					<xref ref-type="aff" rid="aff1"><sup>1</sup></xref>


					<xref ref-type="aff" rid="aff2"><sup>2</sup></xref>


				</contrib>



				<contrib contrib-type="author">
					<name>
						<surname>Pijewska</surname>
						<given-names>Ewelina</given-names>
					</name>
                                        
					<xref ref-type="aff" rid="aff2"><sup>2</sup></xref>


					<xref ref-type="aff" rid="aff3"><sup>3</sup></xref>


				</contrib>



				<contrib contrib-type="author">
					<name>
						<surname>Dalasinski</surname>
						<given-names>Krzysztof</given-names>
					</name>
                                        
					<xref ref-type="aff" rid="aff4"><sup>4</sup></xref>


				</contrib>



				<contrib contrib-type="author">
					<name>
						<surname>Tamborski</surname>
						<given-names>Szymon</given-names>
					</name>
                                        
					<xref ref-type="aff" rid="aff1"><sup>1</sup></xref>


				</contrib>



				<contrib contrib-type="author">
					<name>
						<surname>Jonnal</surname>
						<given-names>Ravi S</given-names>
					</name>
                                        
					<xref ref-type="aff" rid="aff2"><sup>2</sup></xref>


				</contrib>



				<contrib contrib-type="author">
					<name>
						<surname>Zawadzki</surname>
						<given-names>Robert J</given-names>
					</name>
                                        
					<xref ref-type="aff" rid="aff2"><sup>2</sup></xref>


					<xref ref-type="aff" rid="aff5"><sup>5</sup></xref>


				</contrib>



				<contrib contrib-type="author">
					<name>
						<surname>Szkulmowski</surname>
						<given-names>Maciej</given-names>
					</name>
                                        
					<xref ref-type="aff" rid="aff1"><sup>1</sup></xref>


				</contrib>




                          
				<aff id="aff1">
					<label><sup>1</sup></label>
					<institution>Institute of Physics, Faculty of Physics, Astronomy and Informatics, Nicolaus Copernicus University in Torun, Poland</institution>
				</aff>


				<aff id="aff2">
					<label><sup>2</sup></label>
					<institution>Center for Human Ophthalmic Imaging Research (CHOIR), UC Davis Eye Center, Sacramento, CA 95817, USA</institution>
				</aff>


				<aff id="aff3">
					<label><sup>3</sup></label>
					<institution>EyePOD Imaging Lab, Dept. of Cell Biology and Human Anatomy, UC Davis, Davis, CA 95616, USA.</institution>
				</aff>


				<aff id="aff4">
					<label><sup>4</sup></label>
					<institution>Inoko Vision Ltd., Mickiewicza 7/17, 87-100 Torun, Poland</institution>
				</aff>


				<aff id="aff5">
					<label><sup>5</sup></label>
					<institution>EyePOD Imaging Lab, Dept. of Cell Biology and Human Anatomy, UC Davis, Davis, CA 95616, USA</institution>
				</aff>


			</contrib-group>
			<pub-date pub-type="ppub"><month>12</month>
				<year>2023</year>
			</pub-date>
			<pub-date pub-type="epub"><month>12</month>
				<year>2023</year>
			</pub-date>
						<volume>23</volume>
						<issue>15</issue>
						<fpage>40</fpage>
						<lpage>40</lpage>
			<permissions>
				<license license-type="cc-by-nc-nd" xlink:href="http://creativecommons.org/licenses/by-nc-nd/4.0/">
					<license-p>This work is licensed under a Creative Commons Attribution-NonCommercial-NoDerivatives 4.0 International License.</license-p>
				</license>
			</permissions>
			<abstract>
				<p>Retinal eye tracking has emerged as a promising alternative to conventional video-based trackers, offering direct access to retinal coordinates with refined spatial and temporal resolutions. These attributes make them attractive for applications ranging from image stabilization in advanced ophthalmic imaging to identifying biomarkers of neurological or ophthalmic disorders that affect eye motility. Existing retinal tracking method however face challenges related to reliance on reference frames and non-uniform sampling either in space or time. In this work we present a new approach for retinal tracking, which is based on imaging small retinal patches (~1.5—3°) using self-repeating Lissajous scanning patterns. Pattern repetition rates close to 4kHz are achieved with an optical design that employs two MEMS microscanners with closely matching resonant frequencies, working in mutually perpendicular dimensions. Several examples of fundus images acquired with different Lissajous patterns are presented. Based on this, eye trajectories may be extracted. Future works will further investigate tracking resolution and dependence on Lissajous pattern spatial density and repetition rate.</p>
			</abstract>
		</article-meta>
	</front>
	<back>
                
               <fn-group>
			<fn>
				<p>Funding: Funding: National Science Centre, Poland (2023/48/C/ST7/00164); National   Institutes   of   Health   (R01-EY-033532,   R01-EY-031098,   R01-EY-026556, P30-EY-183 012576)</p>
			</fn>
		</fn-group>

	</back>
</article>