<?xml version="1.0"?><!DOCTYPE article PUBLIC "-//NLM//DTD JATS (Z39.96) Journal Publishing DTD v1.0 20120330//EN" "http://jats.nlm.nih.gov/publishing/1.0/JATS-journalpublishing1.dtd">
<article xmlns:mml="http://www.w3.org/1998/Math/MathML" xmlns:xlink="http://www.w3.org/1999/xlink" article-type="Optica Fall Vision Meeting Abstract">
	<front>
		<journal-meta>
			<journal-id journal-id-type="hwp">jov</journal-id>
			<journal-id journal-id-type="publisher-id">JOVI</journal-id>
			<journal-title-group>
				<journal-title>Journal of Vision</journal-title>
			</journal-title-group>
			<issn pub-type="epub">1534-7362</issn>
			<publisher>
				<publisher-name>Association for Research in Vision and Ophthalmology</publisher-name>
			</publisher>
		</journal-meta>
		<article-meta>
			<article-id pub-id-type="doi">10.1167/jov.23.15.24</article-id>
			<article-id pub-id-type="manuscript">Talks_24</article-id>
			<article-categories>
				<subj-group subj-group-type="category">
					<subject>Poster Session I</subject>
				</subj-group>
			</article-categories>
			<title-group>
				<article-title>Poster Session I: Tests of a contrast gain control model of parabolic brightness matching functions</article-title>
			</title-group>
			<contrib-group>
                          
				<contrib contrib-type="author">
					<name>
						<surname>Kavcar</surname>
						<given-names>Osman B.</given-names>
					</name>
                                        
					<xref ref-type="aff" rid="aff1"><sup>1</sup></xref>


				</contrib>



				<contrib contrib-type="author">
					<name>
						<surname>Rudd</surname>
						<given-names>Michael E.</given-names>
					</name>
                                        
					<xref ref-type="aff" rid="aff2"><sup>2</sup></xref>


				</contrib>



				<contrib contrib-type="author">
					<name>
						<surname>Arthur</surname>
						<given-names>Christabel</given-names>
					</name>
                                        
					<xref ref-type="aff" rid="aff1"><sup>1</sup></xref>


				</contrib>



				<contrib contrib-type="author">
					<name>
						<surname>Richardson</surname>
						<given-names>Alex J.</given-names>
					</name>
                                        
					<xref ref-type="aff" rid="aff3"><sup>3</sup></xref>


				</contrib>



				<contrib contrib-type="author">
					<name>
						<surname>Crognale</surname>
						<given-names>Michael A.</given-names>
					</name>
                                        
					<xref ref-type="aff" rid="aff3"><sup>3</sup></xref>


				</contrib>




                          
				<aff id="aff1">
					<label><sup>1</sup></label>
					<institution>Integrative Neuroscience Program, University of Nevada, Reno</institution>
				</aff>


				<aff id="aff2">
					<label><sup>2</sup></label>
					<institution>Center for Integrative Neuroscience, University of Nevada, Reno</institution>
				</aff>


				<aff id="aff3">
					<label><sup>3</sup></label>
					<institution>Department of Psychology, University of Nevada, Reno</institution>
				</aff>


			</contrib-group>
			<pub-date pub-type="ppub"><month>12</month>
				<year>2023</year>
			</pub-date>
			<pub-date pub-type="epub"><month>12</month>
				<year>2023</year>
			</pub-date>
						<volume>23</volume>
						<issue>15</issue>
						<fpage>24</fpage>
						<lpage>24</lpage>
			<permissions>
				<license license-type="cc-by-nc-nd" xlink:href="http://creativecommons.org/licenses/by-nc-nd/4.0/">
					<license-p>This work is licensed under a Creative Commons Attribution-NonCommercial-NoDerivatives 4.0 International License.</license-p>
				</license>
			</permissions>
			<abstract>
				<p>The brightness induction produced by a surround annulus on a target disk can be measured by adjusting the luminance of a second disk to match the target in brightness. This produces parabolic brightness matching functions (BMFs) when average perceptual matches are plotted against annulus luminance on a log-log scale. A model developed by Rudd et al. (JOSA A, 2023), in which a contrast gain control operates between the outer and inner edges of the annulus, predicts that a linear relationship should hold between the first-order (k1) and second-order coefficients (k2) of the parabolic BMFs. We previously verified this prediction and discovered that the slope of this linear relationship depends on the contrast polarity of the target with respect to its annulus, but is unaffected by the annulus size or the background luminance. Here, we further tested the model by varying the target disk luminance in two conditions where the target disk was either a decrement or an increment with respect to its annulus and the background was white (highest display luminance). The model predicts that the slope of the k1 vs k2 plots will itself decrease as a linear function of the log luminance of the target disk, and the rate of decrease will equal -1. Our results confirmed the first prediction, but the slope was -2 instead of -1. This pattern held both in the decremental and incremental target conditions.</p>
			</abstract>
		</article-meta>
	</front>
	<back>
                
               <fn-group>
			<fn>
				<p>Funding: Funding: None</p>
			</fn>
		</fn-group>

	</back>
</article>