<?xml version="1.0"?><!DOCTYPE article PUBLIC "-//NLM//DTD JATS (Z39.96) Journal Publishing DTD v1.0 20120330//EN" "http://jats.nlm.nih.gov/publishing/1.0/JATS-journalpublishing1.dtd">
<article xmlns:mml="http://www.w3.org/1998/Math/MathML" xmlns:xlink="http://www.w3.org/1999/xlink" article-type="Optica Fall Vision Meeting Abstract">
	<front>
		<journal-meta>
			<journal-id journal-id-type="hwp">jov</journal-id>
			<journal-id journal-id-type="publisher-id">JOVI</journal-id>
			<journal-title-group>
				<journal-title>Journal of Vision</journal-title>
			</journal-title-group>
			<issn pub-type="epub">1534-7362</issn>
			<publisher>
				<publisher-name>Association for Research in Vision and Ophthalmology</publisher-name>
			</publisher>
		</journal-meta>
		<article-meta>
			<article-id pub-id-type="doi">10.1167/jov.23.15.38</article-id>
			<article-id pub-id-type="manuscript">Talks_38</article-id>
			<article-categories>
				<subj-group subj-group-type="category">
					<subject>Poster Session I</subject>
				</subj-group>
			</article-categories>
			<title-group>
				<article-title>Poster Session I: Dissociation of torsional eye movements and perception during optokinetic stimulation by visual cues of gravity</article-title>
			</title-group>
			<contrib-group>
                          
				<contrib contrib-type="author">
					<name>
						<surname>Rodriguez</surname>
						<given-names>Raul</given-names>
					</name>
                                        
					<xref ref-type="aff" rid="aff1"><sup>1</sup></xref>


				</contrib>



				<contrib contrib-type="author">
					<name>
						<surname>Otero-Millan</surname>
						<given-names>Jorge</given-names>
					</name>
                                        
					<xref ref-type="aff" rid="aff1"><sup>1</sup></xref>


				</contrib>




                          
				<aff id="aff1">
					<label><sup>1</sup></label>
					<institution>University of California, Herbert Wertheim School of Optometry and Vision Science</institution>
				</aff>


			</contrib-group>
			<pub-date pub-type="ppub"><month>12</month>
				<year>2023</year>
			</pub-date>
			<pub-date pub-type="epub"><month>12</month>
				<year>2023</year>
			</pub-date>
						<volume>23</volume>
						<issue>15</issue>
						<fpage>38</fpage>
						<lpage>38</lpage>
			<permissions>
				<license license-type="cc-by-nc-nd" xlink:href="http://creativecommons.org/licenses/by-nc-nd/4.0/">
					<license-p>This work is licensed under a Creative Commons Attribution-NonCommercial-NoDerivatives 4.0 International License.</license-p>
				</license>
			</permissions>
			<abstract>
				<p>An optokinetic stimulus rotating about the naso-occipital axis drives torsional eye movements and causes a bias in perception of upright measured with a subjective visual vertical (SVV) task. In addition, a static image with tilted visual cues of gravity orientation will induce optostatic torsion and biases SVV. We posit that a visual gravity cue provided by a frame combined with a torsional optokinetic stimulus would increase measured torsion and further bias SVV. We use a VR headset with eye-tracking to place the subject in a virtual room with circles forming either a rectangular room (frame condition) or a tubular room (no-frame condition). We place a fixation point at the center of the room while the subject performs a SVV task. The room either rotates about the naso-occipital axis at 0.05 Hz, 0.1 Hz, or 0.2 Hz, with an amplitude of ±20°, or has a static tilt of 0° or ±30°. Static frame conditions had the expected bias of SVV and optostatic torsion compared to the control no-frame condition. In sinusoidal rotation conditions, for SVV, there was a significant difference in the amplitude of the response between the frame (5.4 ± 2.6°; mean ± std) and no-frame (3.0 ± 1.3°) condition, while there was no significant difference for torsion, frame (0.8 ± 0.6°) and no-frame (0.7 ± 0.6°). Our results indicate that while perception integrates a moving visual cue into its estimation of upright orientation, the ocular motor system is only affected by those cues when they are static.</p>
			</abstract>
		</article-meta>
	</front>
	<back>
                
               <fn-group>
			<fn>
				<p>Funding: Funding: None</p>
			</fn>
		</fn-group>

	</back>
</article>