<?xml version="1.0"?><!DOCTYPE article PUBLIC "-//NLM//DTD JATS (Z39.96) Journal Publishing DTD v1.0 20120330//EN" "http://jats.nlm.nih.gov/publishing/1.0/JATS-journalpublishing1.dtd">
<article xmlns:mml="http://www.w3.org/1998/Math/MathML" xmlns:xlink="http://www.w3.org/1999/xlink" article-type="Optica Fall Vision Meeting Abstract">
	<front>
		<journal-meta>
			<journal-id journal-id-type="hwp">jov</journal-id>
			<journal-id journal-id-type="publisher-id">JOVI</journal-id>
			<journal-title-group>
				<journal-title>Journal of Vision</journal-title>
			</journal-title-group>
			<issn pub-type="epub">1534-7362</issn>
			<publisher>
				<publisher-name>Association for Research in Vision and Ophthalmology</publisher-name>
			</publisher>
		</journal-meta>
		<article-meta>
			<article-id pub-id-type="doi">10.1167/jov.23.15.36</article-id>
			<article-id pub-id-type="manuscript">Talks_36</article-id>
			<article-categories>
				<subj-group subj-group-type="category">
					<subject>Poster Session I</subject>
				</subj-group>
			</article-categories>
			<title-group>
				<article-title>Poster Session I: Effect of flicker adaptation on perception of small spots presented with AOSLO</article-title>
			</title-group>
			<contrib-group>
                          
				<contrib contrib-type="author">
					<name>
						<surname>Pirog</surname>
						<given-names>J.T.</given-names>
					</name>
                                        
					<xref ref-type="aff" rid="aff1"><sup>1</sup></xref>


				</contrib>



				<contrib contrib-type="author">
					<name>
						<surname>Kuo</surname>
						<given-names>Vickie</given-names>
					</name>
                                        
					<xref ref-type="aff" rid="aff1"><sup>1</sup></xref>


				</contrib>



				<contrib contrib-type="author">
					<name>
						<surname>Tuten</surname>
						<given-names>William S.</given-names>
					</name>
                                        
					<xref ref-type="aff" rid="aff1"><sup>1</sup></xref>


				</contrib>




                          
				<aff id="aff1">
					<label><sup>1</sup></label>
					<institution>Herbert Werthiem School of Optometry and Vision Science, University of California Berkeley</institution>
				</aff>


			</contrib-group>
			<pub-date pub-type="ppub"><month>12</month>
				<year>2023</year>
			</pub-date>
			<pub-date pub-type="epub"><month>12</month>
				<year>2023</year>
			</pub-date>
						<volume>23</volume>
						<issue>15</issue>
						<fpage>36</fpage>
						<lpage>36</lpage>
			<permissions>
				<license license-type="cc-by-nc-nd" xlink:href="http://creativecommons.org/licenses/by-nc-nd/4.0/">
					<license-p>This work is licensed under a Creative Commons Attribution-NonCommercial-NoDerivatives 4.0 International License.</license-p>
				</license>
			</permissions>
			<abstract>
				<p>Previous work suggests the detection of small spots is mediated by a mixture of chromatic and achromatic mechanisms. We tested whether exposure to spatially-uniform chromatic or luminance flicker affected detection thresholds for 543 nm increments delivered through an AOSLO. Heterochromatic flicker photometry was used to determine isoluminant settings for the red and green primaries of a DLP display; this isoluminant red-green mixture provided the 2.1° background upon which 23 arcmin (N=4) or 3 arcmin (N=2) stimuli were presented for 100ms. The projector background was modulated to produce isoluminant chromatic flicker or isochromatic luminance flicker at 3.75 or 30 Hz. The time-averaged luminance and chromaticity for all adaptation conditions were equivalent. For each condition, data collection was preceded by 2 minutes of preadaptation, followed by alternating windows of stimulus delivery (1 sec, steady background) and top-up adaptation (3 sec). Thresholds for all flicker conditions were compared to data obtained on a static background. For 23 arcmin spots, we found reduced sensitivity in the 3.75 Hz chromatic and luminance flicker conditions, but no adaptation effect was observed for 3 arcmin flashes or for 30 Hz flicker of either type. Our data suggest that raster-scanned, AO-corrected stimuli are susceptible to flicker adaptation, but that proximity to a flickering edge may be an important factor governing the effects of contrast adaptation on small spot detection.</p>
			</abstract>
		</article-meta>
	</front>
	<back>
                
               <fn-group>
			<fn>
				<p>Funding: Funding: National Institutes of Health: R01EY023591, T35EY007139-30; Air Force Office of Scientific Research: FA9550-21-1-0230, FA9550-20-1-0195; Hellman Fellows Program; Alcon Research Institute</p>
			</fn>
		</fn-group>

	</back>
</article>