<?xml version="1.0"?><!DOCTYPE article PUBLIC "-//NLM//DTD JATS (Z39.96) Journal Publishing DTD v1.0 20120330//EN" "http://jats.nlm.nih.gov/publishing/1.0/JATS-journalpublishing1.dtd">
<article xmlns:mml="http://www.w3.org/1998/Math/MathML" xmlns:xlink="http://www.w3.org/1999/xlink" article-type="Optica Fall Vision Meeting Abstract">
	<front>
		<journal-meta>
			<journal-id journal-id-type="hwp">jov</journal-id>
			<journal-id journal-id-type="publisher-id">JOVI</journal-id>
			<journal-title-group>
				<journal-title>Journal of Vision</journal-title>
			</journal-title-group>
			<issn pub-type="epub">1534-7362</issn>
			<publisher>
				<publisher-name>Association for Research in Vision and Ophthalmology</publisher-name>
			</publisher>
		</journal-meta>
		<article-meta>
			<article-id pub-id-type="doi">10.1167/jov.23.15.70</article-id>
			<article-id pub-id-type="manuscript">Talks_70</article-id>
			<article-categories>
				<subj-group subj-group-type="category">
					<subject>Contributed Session I</subject>
				</subj-group>
			</article-categories>
			<title-group>
				<article-title>Contributed Session I: Inner limiting membrane peel extends vivo calcium imaging of ganglion cells (RGC) beyond the fovea in non-human primate</article-title>
			</title-group>
			<contrib-group>
                          
				<contrib contrib-type="author">
					<name>
						<surname>Baez</surname>
						<given-names>Hector</given-names>
					</name>
                                        
					<xref ref-type="aff" rid="aff1"><sup>1</sup></xref>


				</contrib>



				<contrib contrib-type="author">
					<name>
						<surname>Jennifer</surname>
						<given-names>Laporta</given-names>
					</name>
                                        
					<xref ref-type="aff" rid="aff1"><sup>1</sup></xref>


				</contrib>



				<contrib contrib-type="author">
					<name>
						<surname>Amber</surname>
						<given-names>Walker</given-names>
					</name>
                                        
					<xref ref-type="aff" rid="aff1"><sup>1</sup></xref>


				</contrib>



				<contrib contrib-type="author">
					<name>
						<surname>William</surname>
						<given-names>Fischer</given-names>
					</name>
                                        
					<xref ref-type="aff" rid="aff1"><sup>1</sup></xref>


				</contrib>



				<contrib contrib-type="author">
					<name>
						<surname>Rachel</surname>
						<given-names>Hollar</given-names>
					</name>
                                        
					<xref ref-type="aff" rid="aff1"><sup>1</sup></xref>


				</contrib>



				<contrib contrib-type="author">
					<name>
						<surname>Sara</surname>
						<given-names>Patterson</given-names>
					</name>
                                        
					<xref ref-type="aff" rid="aff1"><sup>1</sup></xref>


				</contrib>



				<contrib contrib-type="author">
					<name>
						<surname>David</surname>
						<given-names>DiLoreto</given-names>
					</name>
                                        
					<xref ref-type="aff" rid="aff2"><sup>2</sup></xref>


				</contrib>



				<contrib contrib-type="author">
					<name>
						<surname>Vamsi</surname>
						<given-names>Gullapalli</given-names>
					</name>
                                        
					<xref ref-type="aff" rid="aff2"><sup>2</sup></xref>


				</contrib>



				<contrib contrib-type="author">
					<name>
						<surname>Juliette</surname>
						<given-names>McGregor</given-names>
					</name>
                                        
					<xref ref-type="aff" rid="aff1"><sup>1</sup></xref>


				</contrib>




                          
				<aff id="aff1">
					<label><sup>1</sup></label>
					<institution>Center for Visual Science, University of Rochester</institution>
				</aff>


				<aff id="aff2">
					<label><sup>2</sup></label>
					<institution>Department of Ophthalmology, University of Rochester Medical Center</institution>
				</aff>


			</contrib-group>
			<pub-date pub-type="ppub"><month>12</month>
				<year>2023</year>
			</pub-date>
			<pub-date pub-type="epub"><month>12</month>
				<year>2023</year>
			</pub-date>
						<volume>23</volume>
						<issue>15</issue>
						<fpage>70</fpage>
						<lpage>70</lpage>
			<permissions>
				<license license-type="cc-by-nc-nd" xlink:href="http://creativecommons.org/licenses/by-nc-nd/4.0/">
					<license-p>This work is licensed under a Creative Commons Attribution-NonCommercial-NoDerivatives 4.0 International License.</license-p>
				</license>
			</permissions>
			<abstract>
				<p>Viral expression of the calcium indicator GCaMP in primate RGCs has enabled optical readout of retinal function at a cellular scale in vivo.  To date, functional recording has been limited to transduced RGCs close to the foveal pit.  In this study we evaluate ILM peel as a strategy to expand the area of transduced RGCs and allow functional recording beyond the fovea in the living eye. 4 eyes of 3 immunosuppressed macaca fascicularis received a 9-12° ILM peel centered on the fovea, followed by intravitreal injection of GCaMP8s 4-8 weeks post-peel. A 660nm flickering visual stimulus drove RGC GCaMP responses which were recorded with fluorescence adaptive optics scanning laser ophthalmoscopy. In all eyes GCaMP was expressed throughout the peeled area, representing a mean 8-fold enlargement in the area of expression relative to a control eye with no peel.  Functional responses were obtained from RGCs at max eccentricities of 11.7 o, 8.0 o, 9.7 o, and 13.7 o and could be classified as ON or OFF types up to the edge of the peel. Mean RGC responses in ILM peeled and control eyes of the same animal were comparable at 3.5 o and longitudinal tracking of individual RGCs showed stable responses up to 6 months post-peel. ILM peel substantially expands the region of primate retina accessible for in vivo GCaMP beyond the foveal ring of RGCs. This presents new opportunities for physiological study of the retina and pre-clinical testing of novel therapies in retinal degeneration models.</p>
			</abstract>
		</article-meta>
	</front>
	<back>
                
               <fn-group>
			<fn>
				<p>Funding: Funding: Research reported in this publication was supported by the National Eye Institute of the National Institutes of Health under Audacious Goals Initiative funding Award No. York U24 EY033275 Accelerating photoreceptor replacement therapy with in-vivo cellular imaging of retinal function in primate, P30 EY001319 (core) and F32 EY032318 Foveal ganglion cell function in the living eye. The content is solely the responsibility of the authors and does not necessarily represent the official views of the National Inst. of Health. This study was supported by an Unrestricted Grant to the University of Rochester Department of Ophthalmology from Research to Prevent Blindness.</p>
			</fn>
		</fn-group>

	</back>
</article>