<?xml version="1.0"?><!DOCTYPE article PUBLIC "-//NLM//DTD JATS (Z39.96) Journal Publishing DTD v1.0 20120330//EN" "http://jats.nlm.nih.gov/publishing/1.0/JATS-journalpublishing1.dtd">
<article xmlns:mml="http://www.w3.org/1998/Math/MathML" xmlns:xlink="http://www.w3.org/1999/xlink" article-type="Optica Fall Vision Meeting Abstract">
	<front>
		<journal-meta>
			<journal-id journal-id-type="hwp">jov</journal-id>
			<journal-id journal-id-type="publisher-id">JOVI</journal-id>
			<journal-title-group>
				<journal-title>Journal of Vision</journal-title>
			</journal-title-group>
			<issn pub-type="epub">1534-7362</issn>
			<publisher>
				<publisher-name>Association for Research in Vision and Ophthalmology</publisher-name>
			</publisher>
		</journal-meta>
		<article-meta>
			<article-id pub-id-type="doi">10.1167/jov.23.15.43</article-id>
			<article-id pub-id-type="manuscript">Talks_43</article-id>
			<article-categories>
				<subj-group subj-group-type="category">
					<subject>Poster Session I</subject>
				</subj-group>
			</article-categories>
			<title-group>
				<article-title>Poster Session I: Does stimulus image quality affect fixational eye movement characteristics?</article-title>
			</title-group>
			<contrib-group>
                          
				<contrib contrib-type="author">
					<name>
						<surname>Young</surname>
						<given-names>Laura K.</given-names>
					</name>
                                        
					<xref ref-type="aff" rid="aff1"><sup>1</sup></xref>


				</contrib>



				<contrib contrib-type="author">
					<name>
						<surname>Hexley</surname>
						<given-names>Allie C.</given-names>
					</name>
                                        
					<xref ref-type="aff" rid="aff2"><sup>2</sup></xref>


				</contrib>



				<contrib contrib-type="author">
					<name>
						<surname>Read</surname>
						<given-names>Jenny C. A.</given-names>
					</name>
                                        
					<xref ref-type="aff" rid="aff1"><sup>1</sup></xref>


				</contrib>



				<contrib contrib-type="author">
					<name>
						<surname>Smithson</surname>
						<given-names>Hannah E.</given-names>
					</name>
                                        
					<xref ref-type="aff" rid="aff2"><sup>2</sup></xref>


				</contrib>



				<contrib contrib-type="author">
					<name>
						<surname>Tuten</surname>
						<given-names>William S.</given-names>
					</name>
                                        
					<xref ref-type="aff" rid="aff3"><sup>3</sup></xref>


				</contrib>



				<contrib contrib-type="author">
					<name>
						<surname>Roorda</surname>
						<given-names>Austin</given-names>
					</name>
                                        
					<xref ref-type="aff" rid="aff3"><sup>3</sup></xref>


				</contrib>




                          
				<aff id="aff1">
					<label><sup>1</sup></label>
					<institution>Newcastle University</institution>
				</aff>


				<aff id="aff2">
					<label><sup>2</sup></label>
					<institution>University of Oxford</institution>
				</aff>


				<aff id="aff3">
					<label><sup>3</sup></label>
					<institution>University of California, Berkeley</institution>
				</aff>


			</contrib-group>
			<pub-date pub-type="ppub"><month>12</month>
				<year>2023</year>
			</pub-date>
			<pub-date pub-type="epub"><month>12</month>
				<year>2023</year>
			</pub-date>
						<volume>23</volume>
						<issue>15</issue>
						<fpage>43</fpage>
						<lpage>43</lpage>
			<permissions>
				<license license-type="cc-by-nc-nd" xlink:href="http://creativecommons.org/licenses/by-nc-nd/4.0/">
					<license-p>This work is licensed under a Creative Commons Attribution-NonCommercial-NoDerivatives 4.0 International License.</license-p>
				</license>
			</permissions>
			<abstract>
				<p>Drift has been found to be inversely related to visual acuity (higher diffusion constants for observers with lower visual acuity; Clark et. al, 2022). However, it is not clear if this reflects long-term tuning to ocular characteristics, or a more dynamic adjustment to image quality. To test this, fixational eye movements were measured using an AOSLO and stimuli were presented through the imaging system at 30 Hz. Image quality was altered by simulating aberrations. Five participants completed a tumbling E task under three conditions: no aberration, the participant’s natural aberration, and 0.25 D defocus. A 1.2 arcmin gap width E was presented as a 543 nm increment on the 840 nm imaging light for 750 ms. Conditions were randomly interleaved, and feedback was given on each trial. As expected, performance was highest with no aberration, followed by the observer’s natural aberration and was worst for defocus. However, drift characteristics (bivariate contour ellipse area, BCEA, and diffusion constant) did not vary, suggesting that on a trial-to-trial basis drift was not tuned to stimulus quality. To test whether drift might be tuned over time, two participants repeated the experiment in ordered blocks of trials. There were differences in BCEA between ordered and randomised trials, but these were not consistent between participants. We will present an analysis of the differences found between individuals in terms of the optical aberrations present in their eye.</p>
			</abstract>
		</article-meta>
	</front>
	<back>
                
               <fn-group>
			<fn>
				<p>Funding: Funding: This work was supported by a UKRI Future Leaders Fellowship (MR/T042192/1), a Reece Foundation Fellowship in Translational Systems Neuroscience (Newcastle University), an Engineering and Physical Sciences Council grant (EP/W004534/1) and a National Institutes of Health grant (R01EY023591).</p>
			</fn>
		</fn-group>

	</back>
</article>