<?xml version="1.0"?><!DOCTYPE article PUBLIC "-//NLM//DTD JATS (Z39.96) Journal Publishing DTD v1.0 20120330//EN" "http://jats.nlm.nih.gov/publishing/1.0/JATS-journalpublishing1.dtd">
<article xmlns:mml="http://www.w3.org/1998/Math/MathML" xmlns:xlink="http://www.w3.org/1999/xlink" article-type="Optica Fall Vision Meeting Abstract">
	<front>
		<journal-meta>
			<journal-id journal-id-type="hwp">jov</journal-id>
			<journal-id journal-id-type="publisher-id">JOVI</journal-id>
			<journal-title-group>
				<journal-title>Journal of Vision</journal-title>
			</journal-title-group>
			<issn pub-type="epub">1534-7362</issn>
			<publisher>
				<publisher-name>Association for Research in Vision and Ophthalmology</publisher-name>
			</publisher>
		</journal-meta>
		<article-meta>
			<article-id pub-id-type="doi">10.1167/jov.23.15.48</article-id>
			<article-id pub-id-type="manuscript">Talks_48</article-id>
			<article-categories>
				<subj-group subj-group-type="category">
					<subject>Poster Session II</subject>
				</subj-group>
			</article-categories>
			<title-group>
				<article-title>Poster Session II: Attentional modulation of the achromatic and chromatic reversal VEP</article-title>
			</title-group>
			<contrib-group>
                          
				<contrib contrib-type="author">
					<name>
						<surname>Arthur</surname>
						<given-names>Christabel</given-names>
					</name>
                                        
					<xref ref-type="aff" rid="aff1"><sup>1</sup></xref>


				</contrib>



				<contrib contrib-type="author">
					<name>
						<surname>Kavcar</surname>
						<given-names>Osman B. </given-names>
					</name>
                                        
					<xref ref-type="aff" rid="aff1"><sup>1</sup></xref>


				</contrib>



				<contrib contrib-type="author">
					<name>
						<surname>Wise</surname>
						<given-names>Mackenzie V.  </given-names>
					</name>
                                        
					<xref ref-type="aff" rid="aff2"><sup>2</sup></xref>


				</contrib>



				<contrib contrib-type="author">
					<name>
						<surname>Crognale</surname>
						<given-names>Michael A. </given-names>
					</name>
                                        
					<xref ref-type="aff" rid="aff3"><sup>3</sup></xref>


				</contrib>




                          
				<aff id="aff1">
					<label><sup>1</sup></label>
					<institution>Integrative Neuroscience Program, University of Nevada, Reno</institution>
				</aff>


				<aff id="aff2">
					<label><sup>2</sup></label>
					<institution>Cognitive and Brain Sciences Program, University of Nevada, Reno</institution>
				</aff>


				<aff id="aff3">
					<label><sup>3</sup></label>
					<institution>Department of Psychology, University of Nevada, Reno</institution>
				</aff>


			</contrib-group>
			<pub-date pub-type="ppub"><month>12</month>
				<year>2023</year>
			</pub-date>
			<pub-date pub-type="epub"><month>12</month>
				<year>2023</year>
			</pub-date>
						<volume>23</volume>
						<issue>15</issue>
						<fpage>48</fpage>
						<lpage>48</lpage>
			<permissions>
				<license license-type="cc-by-nc-nd" xlink:href="http://creativecommons.org/licenses/by-nc-nd/4.0/">
					<license-p>This work is licensed under a Creative Commons Attribution-NonCommercial-NoDerivatives 4.0 International License.</license-p>
				</license>
			</permissions>
			<abstract>
				<p>Previous literature has consistently revealed attentional modulation of the Visual Evoked Potential (VEP) response to achromatic pattern reversal stimuli but little to no attentional modulation of the VEP response to chromatic pattern onsets. Magnetic Resonance Imaging (MRI) research, however, has reported modulation of the responses to both achromatic and chromatic pattern reversal stimuli. Numerous methodological differences including mode of presentation, stimulus contrast, and attentional demand, make comparison of these results difficult. In this study, we report the results of experiments using comparable perceptual contrasts, pattern reversals, and a coextensive and highly-demanding, multiple object tracking (MOT) task. Our findings support prior VEP results indicating that although achromatic VEPs are modulated by attention, chromatic VEPs are more robust to attentional modulation, even for highly demanding distractor tasks. We also found that when compared to a non-attentional condition, the attenuation of the VEP when attending to the MOT task was greater in magnitude than the enhancement of the VEP when attending to the VEP stimulus. This supports prior conclusions, that while avoiding active distraction is likely important, insuring an “attentive state” is not always necessary when recording VEPs. Further experiments are underway to investigate why attentional modulation of chromatic signals in early visual cortex are observed in MRI but not VEP recordings. </p>
			</abstract>
		</article-meta>
	</front>
	<back>
                
               <fn-group>
			<fn>
				<p>Funding: Funding: None</p>
			</fn>
		</fn-group>

	</back>
</article>