<?xml version="1.0"?><!DOCTYPE article PUBLIC "-//NLM//DTD JATS (Z39.96) Journal Publishing DTD v1.0 20120330//EN" "http://jats.nlm.nih.gov/publishing/1.0/JATS-journalpublishing1.dtd">
<article xmlns:mml="http://www.w3.org/1998/Math/MathML" xmlns:xlink="http://www.w3.org/1999/xlink" article-type="Optica Fall Vision Meeting Abstract">
	<front>
		<journal-meta>
			<journal-id journal-id-type="hwp">jov</journal-id>
			<journal-id journal-id-type="publisher-id">JOVI</journal-id>
			<journal-title-group>
				<journal-title>Journal of Vision</journal-title>
			</journal-title-group>
			<issn pub-type="epub">1534-7362</issn>
			<publisher>
				<publisher-name>Association for Research in Vision and Ophthalmology</publisher-name>
			</publisher>
		</journal-meta>
		<article-meta>
			<article-id pub-id-type="doi">10.1167/jov.23.15.54</article-id>
			<article-id pub-id-type="manuscript">Talks_54</article-id>
			<article-categories>
				<subj-group subj-group-type="category">
					<subject>Poster Session II</subject>
				</subj-group>
			</article-categories>
			<title-group>
				<article-title>Poster Session II: Constrained color-sorting and the evolution of color terms</article-title>
			</title-group>
			<contrib-group>
                          
				<contrib contrib-type="author">
					<name>
						<surname>Lindsey</surname>
						<given-names>Delwin</given-names>
					</name>
                                        
					<xref ref-type="aff" rid="aff1"><sup>1</sup></xref>


				</contrib>



				<contrib contrib-type="author">
					<name>
						<surname>Brown</surname>
						<given-names>Angela M.</given-names>
					</name>
                                        
					<xref ref-type="aff" rid="aff2"><sup>2</sup></xref>


				</contrib>




                          
				<aff id="aff1">
					<label><sup>1</sup></label>
					<institution>Ohio State University</institution>
				</aff>


				<aff id="aff2">
					<label><sup>2</sup></label>
					<institution>The Ohio State University</institution>
				</aff>


			</contrib-group>
			<pub-date pub-type="ppub"><month>12</month>
				<year>2023</year>
			</pub-date>
			<pub-date pub-type="epub"><month>12</month>
				<year>2023</year>
			</pub-date>
						<volume>23</volume>
						<issue>15</issue>
						<fpage>54</fpage>
						<lpage>54</lpage>
			<permissions>
				<license license-type="cc-by-nc-nd" xlink:href="http://creativecommons.org/licenses/by-nc-nd/4.0/">
					<license-p>This work is licensed under a Creative Commons Attribution-NonCommercial-NoDerivatives 4.0 International License.</license-p>
				</license>
			</permissions>
			<abstract>
				<p>Constrained color-sorting—the partition of a color palette into sequential numbers, n, of categories or “piles,” n = {2, 3, …, N}—has been used to examine universal vs. culture-dependent processes that underlie color-term evolution. Here we use sorting to test two hypotheses related to these ideas. 1) If the constrained color sorts (CCSs) depend solely on universal processes that guide color-term evolution, then CCSs should be relatively insensitive to the exact composition of the color palette. 2) Otherwise, CCSs should at least be “optimal” (as measured by well-formedness: Regier et al., 2007). We report three studies, each using a different palette, where English speakers sorted the color samples into 2 … 6 piles; one study also included Somali speakers. All palettes included good examples of the Basic Color Categories (BCCs), but they differed in how hue, saturation, and lightness covaried. Results showed that pile-sorts reflected psychologically salient features of colors, which were mostly linked to BCCs. However, 1) the unfolding of sort-categories with increasing n differed greatly across palettes, and the order in which the sort-categories appeared always deviated from predictions based on classical theories of color term evolution; 2) pile-sorts were not optimal. Taken together, our results reveal strong dependence of CCSs on pre-existing lexical categories but only weak dependence on universal pre-linguistic representations of color related to color-term evolution.</p>
			</abstract>
		</article-meta>
	</front>
	<back>
                
               <fn-group>
			<fn>
				<p>Funding: Funding: National Science Foundation BCS-1152841 to DTL</p>
			</fn>
		</fn-group>

	</back>
</article>