<?xml version="1.0"?><!DOCTYPE article PUBLIC "-//NLM//DTD JATS (Z39.96) Journal Publishing DTD v1.0 20120330//EN" "http://jats.nlm.nih.gov/publishing/1.0/JATS-journalpublishing1.dtd">
<article xmlns:mml="http://www.w3.org/1998/Math/MathML" xmlns:xlink="http://www.w3.org/1999/xlink" article-type="Optica Fall Vision Meeting Abstract">
	<front>
		<journal-meta>
			<journal-id journal-id-type="hwp">jov</journal-id>
			<journal-id journal-id-type="publisher-id">JOVI</journal-id>
			<journal-title-group>
				<journal-title>Journal of Vision</journal-title>
			</journal-title-group>
			<issn pub-type="epub">1534-7362</issn>
			<publisher>
				<publisher-name>Association for Research in Vision and Ophthalmology</publisher-name>
			</publisher>
		</journal-meta>
		<article-meta>
			<article-id pub-id-type="doi">10.1167/jov.23.15.62</article-id>
			<article-id pub-id-type="manuscript">Talks_62</article-id>
			<article-categories>
				<subj-group subj-group-type="category">
					<subject>Poster Session II</subject>
				</subj-group>
			</article-categories>
			<title-group>
				<article-title>Poster Session II: The impact of eye’s longitudinal chromatic aberration on visual acuity and accommodation response</article-title>
			</title-group>
			<contrib-group>
                          
				<contrib contrib-type="author">
					<name>
						<surname>Zou</surname>
						<given-names>Tianlun</given-names>
					</name>
                                        
					<xref ref-type="aff" rid="aff1"><sup>1</sup></xref>


				</contrib>



				<contrib contrib-type="author">
					<name>
						<surname>Aissati</surname>
						<given-names>Sara</given-names>
					</name>
                                        
					<xref ref-type="aff" rid="aff2"><sup>2</sup></xref>


				</contrib>



				<contrib contrib-type="author">
					<name>
						<surname>Marcos</surname>
						<given-names>Susana</given-names>
					</name>
                                        
					<xref ref-type="aff" rid="aff3"><sup>3</sup></xref>


				</contrib>




                          
				<aff id="aff1">
					<label><sup>1</sup></label>
					<institution>Center for Visual Science, The Institute of Optics, University of Rochester</institution>
				</aff>


				<aff id="aff2">
					<label><sup>2</sup></label>
					<institution>Center for Visual Science, Flaum Eye Institute University of Rochester</institution>
				</aff>


				<aff id="aff3">
					<label><sup>3</sup></label>
					<institution>Center for Visual Science, Institute of Optics, Flaum Eye Institute, University of Rochester</institution>
				</aff>


			</contrib-group>
			<pub-date pub-type="ppub"><month>12</month>
				<year>2023</year>
			</pub-date>
			<pub-date pub-type="epub"><month>12</month>
				<year>2023</year>
			</pub-date>
						<volume>23</volume>
						<issue>15</issue>
						<fpage>62</fpage>
						<lpage>62</lpage>
			<permissions>
				<license license-type="cc-by-nc-nd" xlink:href="http://creativecommons.org/licenses/by-nc-nd/4.0/">
					<license-p>This work is licensed under a Creative Commons Attribution-NonCommercial-NoDerivatives 4.0 International License.</license-p>
				</license>
			</permissions>
			<abstract>
				<p>Chromatic composition of displays might affect vision and accommodation,possibly influencing myopia development.We investigated differences in visual acuity(VA) and accommodative lag(AccL) for steady accommodative demands (up to 5D,1D steps) with visual stimuli illuminated by monochromatic wavelengths (mono-λ 480,555&amp630nm,3nm bandwidth) and white light (WL).Data was obtained on 3 young emmetrope using an Adaptive Optics system with a supercontinuum laser,a DMD for stimuli,and a optunable lens to change vergence.Best focus for far was set at 555nm.VA was measured using QUEST(tumbling E).AccL was obtained from the peak shift of through-focus Visual Strehl,calculated from HS aberrometry.All subjects showed myopic shifts in blue consistent with longitudinal chromatic aberration.However,the response to wavelength differed across subjects.S#1 showed a sustained VA across distances(average VA standard deviation 0.054,-0.005logMAR),low AccL(slope:0.3 D/D) and systematic SA negative shift (slope:-0.04um/D),similar across mono-λ and WL.S#2 showed a more sustained VA,lower AccL and higher SA change in blue (0.09logMAR std,0.3D/D,-0.02um/D) than in WL(0.14logMAR std,0.52D/D,-0.013um/D).S#3 showed a steeper decrease in VA at near and higher AccL for mono-λ(0.218logMAR std,0.78D/D,on average)than in WL(0.05logMAR std,0.38D/D).Different subjects use chromatic cues in different ways to accommodate,likely affected by the interplay of chromatic blur,depth-of-focus and defocus sign perception.</p>
			</abstract>
		</article-meta>
	</front>
	<back>
                
               <fn-group>
			<fn>
				<p>Funding: Funding: Funding: P30 Core Grant EY001319-46, Unrestricted Grant Research to Prevent Blindness (Flaum Eye Institute, University of Rochester NY), Meta Reality Labs, National Institutes of Health-NEI R01 EY35009</p>
			</fn>
		</fn-group>

	</back>
</article>