<?xml version="1.0"?><!DOCTYPE article PUBLIC "-//NLM//DTD JATS (Z39.96) Journal Publishing DTD v1.0 20120330//EN" "http://jats.nlm.nih.gov/publishing/1.0/JATS-journalpublishing1.dtd">
<article xmlns:mml="http://www.w3.org/1998/Math/MathML" xmlns:xlink="http://www.w3.org/1999/xlink" article-type="Optica Fall Vision Meeting Abstract">
	<front>
		<journal-meta>
			<journal-id journal-id-type="hwp">jov</journal-id>
			<journal-id journal-id-type="publisher-id">JOVI</journal-id>
			<journal-title-group>
				<journal-title>Journal of Vision</journal-title>
			</journal-title-group>
			<issn pub-type="epub">1534-7362</issn>
			<publisher>
				<publisher-name>Association for Research in Vision and Ophthalmology</publisher-name>
			</publisher>
		</journal-meta>
		<article-meta>
			<article-id pub-id-type="doi">10.1167/jov.23.15.39</article-id>
			<article-id pub-id-type="manuscript">Talks_39</article-id>
			<article-categories>
				<subj-group subj-group-type="category">
					<subject>Poster Session I</subject>
				</subj-group>
			</article-categories>
			<title-group>
				<article-title>Poster Session I: Characteristics and coordination of microsaccades in 6 Dimensions</article-title>
			</title-group>
			<contrib-group>
                          
				<contrib contrib-type="author">
					<name>
						<surname>Sadeghi</surname>
						<given-names>Roksana</given-names>
					</name>
                                        
					<xref ref-type="aff" rid="aff1"><sup>1</sup></xref>


				</contrib>



				<contrib contrib-type="author">
					<name>
						<surname>Otero-Millan</surname>
						<given-names>Jorge</given-names>
					</name>
                                        
					<xref ref-type="aff" rid="aff1"><sup>1</sup></xref>


				</contrib>




                          
				<aff id="aff1">
					<label><sup>1</sup></label>
					<institution>Herbert Wertheim School of Optometry and Vision Science, University of California, Berkeley</institution>
				</aff>


			</contrib-group>
			<pub-date pub-type="ppub"><month>12</month>
				<year>2023</year>
			</pub-date>
			<pub-date pub-type="epub"><month>12</month>
				<year>2023</year>
			</pub-date>
						<volume>23</volume>
						<issue>15</issue>
						<fpage>39</fpage>
						<lpage>39</lpage>
			<permissions>
				<license license-type="cc-by-nc-nd" xlink:href="http://creativecommons.org/licenses/by-nc-nd/4.0/">
					<license-p>This work is licensed under a Creative Commons Attribution-NonCommercial-NoDerivatives 4.0 International License.</license-p>
				</license>
			</permissions>
			<abstract>
				<p>The study of microsaccades, the small and rapid eye movements that occur during fixation, has focused on horizontal and vertical movements, while their torsional component remains relatively uncharted territory in vision research. We used video eye tracking to investigate microsaccades binocularly with horizontal and vertical movements tracked by pupil and corneal reflection and torsion by iris pattern. Five participants looked at a central dot for 20 trials of 20 seconds while seated, and their heads rested on a chin rest. For each microsaccade (N=2040), we measured the displacement of the eye along each dimension, and defined version as the average and vergence as the difference between the motion of the left and right eye. The average horizontal vertical and torsional components were 0.7, 0.3, and 0.1 deg for version and 0.1, 0.1, and 0.1 deg for vergence, respectively. Next, we measured the correlation between each component pair. We found that when the eyes moved to the left or right together, they also rotated by 0.3 deg (top towards the same side) for each degree of horizontal movement (R = 0.94, p &lt; 0.01). When the eyes moved up (down), for each degree of vertical movement, they diverged (converged) 0.08 deg horizontally (R = -0.53, p &lt; 0.01) and rotated 0.09 deg outward (inward; R = -0.47, p &lt; 0.01). There was no strong correlation between other combinations. These results show that microsaccades follow similar kinematics at a minute scale as larger saccades.</p>
			</abstract>
		</article-meta>
	</front>
	<back>
                
               <fn-group>
			<fn>
				<p>Funding: Funding: NEI R00EY027846 and NSF 2107049</p>
			</fn>
		</fn-group>

	</back>
</article>