<?xml version="1.0"?><!DOCTYPE article PUBLIC "-//NLM//DTD JATS (Z39.96) Journal Publishing DTD v1.0 20120330//EN" "http://jats.nlm.nih.gov/publishing/1.0/JATS-journalpublishing1.dtd">
<article xmlns:mml="http://www.w3.org/1998/Math/MathML" xmlns:xlink="http://www.w3.org/1999/xlink" article-type="Optica Fall Vision Meeting Abstract">
	<front>
		<journal-meta>
			<journal-id journal-id-type="hwp">jov</journal-id>
			<journal-id journal-id-type="publisher-id">JOVI</journal-id>
			<journal-title-group>
				<journal-title>Journal of Vision</journal-title>
			</journal-title-group>
			<issn pub-type="epub">1534-7362</issn>
			<publisher>
				<publisher-name>Association for Research in Vision and Ophthalmology</publisher-name>
			</publisher>
		</journal-meta>
		<article-meta>
			<article-id pub-id-type="doi">10.1167/jov.23.15.41</article-id>
			<article-id pub-id-type="manuscript">Talks_41</article-id>
			<article-categories>
				<subj-group subj-group-type="category">
					<subject>Poster Session I</subject>
				</subj-group>
			</article-categories>
			<title-group>
				<article-title>Poster Session I: Distortion of perceived visual space after eccentric gaze holding</article-title>
			</title-group>
			<contrib-group>
                          
				<contrib contrib-type="author">
					<name>
						<surname>Tyson</surname>
						<given-names>Terence</given-names>
					</name>
                                        
					<xref ref-type="aff" rid="aff1"><sup>1</sup></xref>


					<xref ref-type="aff" rid="aff2"><sup>2</sup></xref>


				</contrib>



				<contrib contrib-type="author">
					<name>
						<surname>Perez</surname>
						<given-names>Dennis</given-names>
					</name>
                                        
					<xref ref-type="aff" rid="aff1"><sup>1</sup></xref>


				</contrib>



				<contrib contrib-type="author">
					<name>
						<surname>Lau</surname>
						<given-names>Tiffany</given-names>
					</name>
                                        
					<xref ref-type="aff" rid="aff1"><sup>1</sup></xref>


				</contrib>



				<contrib contrib-type="author">
					<name>
						<surname>Otero-Millan</surname>
						<given-names>Jorge</given-names>
					</name>
                                        
					<xref ref-type="aff" rid="aff1"><sup>1</sup></xref>


					<xref ref-type="aff" rid="aff3"><sup>3</sup></xref>


				</contrib>




                          
				<aff id="aff1">
					<label><sup>1</sup></label>
					<institution>Herbert Wertheim School of Optometry and Vision Science, University of California, Berkeley</institution>
				</aff>


				<aff id="aff2">
					<label><sup>2</sup></label>
					<institution>Human Systems Integration Division, NASA Ames Research Center</institution>
				</aff>


				<aff id="aff3">
					<label><sup>3</sup></label>
					<institution>Department of Neurology, Johns Hopkins University</institution>
				</aff>


			</contrib-group>
			<pub-date pub-type="ppub"><month>12</month>
				<year>2023</year>
			</pub-date>
			<pub-date pub-type="epub"><month>12</month>
				<year>2023</year>
			</pub-date>
						<volume>23</volume>
						<issue>15</issue>
						<fpage>41</fpage>
						<lpage>41</lpage>
			<permissions>
				<license license-type="cc-by-nc-nd" xlink:href="http://creativecommons.org/licenses/by-nc-nd/4.0/">
					<license-p>This work is licensed under a Creative Commons Attribution-NonCommercial-NoDerivatives 4.0 International License.</license-p>
				</license>
			</permissions>
			<abstract>
				<p>Previous studies have shown that rebound nystagmus can be a behavioral probe into the adaptive properties of the gaze-holding mechanism, showing that after prolonged eccentric gaze holding and upon return to central gaze the eye tends to drift towards the previously held position. It is not known whether perception of visual space is also affected by similar adaptation mechanisms. The current study seeks to elucidate if eccentric gaze holding changes the perception of space in a relative spatial judgment task. To measure their spatial bias, twelve subjects were asked to report which among two short vertical lines flashed to the left or to the right of the display was closer to a third central line. Perception was assessed after holding eccentric gaze at 40 degrees towards the left or right and compared with control trials without eccentric gaze holding. Subjects showed a significant difference in spatial bias between the leftward and rightward gaze holding conditions (p = 0.04), suggesting that the visual space changes differently with respect to the side where gaze was held. While we did not observe an overall bias (p = 0.327) under no gaze holding we did observe a significant correlation between handedness and spatial bias (r2 = 0.4, p = 0.04). We conclude that gaze holding temporarily distorts the perception of space in a mechanism that may be related to the adaptation of the gaze holding mechanism.</p>
			</abstract>
		</article-meta>
	</front>
	<back>
                
               <fn-group>
			<fn>
				<p>Funding: Funding: None</p>
			</fn>
		</fn-group>

	</back>
</article>