<?xml version="1.0"?><!DOCTYPE article PUBLIC "-//NLM//DTD JATS (Z39.96) Journal Publishing DTD v1.0 20120330//EN" "http://jats.nlm.nih.gov/publishing/1.0/JATS-journalpublishing1.dtd">
<article xmlns:mml="http://www.w3.org/1998/Math/MathML" xmlns:xlink="http://www.w3.org/1999/xlink" article-type="Optica Fall Vision Meeting Abstract">
	<front>
		<journal-meta>
			<journal-id journal-id-type="hwp">jov</journal-id>
			<journal-id journal-id-type="publisher-id">JOVI</journal-id>
			<journal-title-group>
				<journal-title>Journal of Vision</journal-title>
			</journal-title-group>
			<issn pub-type="epub">1534-7362</issn>
			<publisher>
				<publisher-name>Association for Research in Vision and Ophthalmology</publisher-name>
			</publisher>
		</journal-meta>
		<article-meta>
			<article-id pub-id-type="doi">10.1167/jov.23.15.72</article-id>
			<article-id pub-id-type="manuscript">Talks_72</article-id>
			<article-categories>
				<subj-group subj-group-type="category">
					<subject>Contributed Session I</subject>
				</subj-group>
			</article-categories>
			<title-group>
				<article-title>Contributed Session I: The effects of monocular and binocular retinal image minification on eyestrain </article-title>
			</title-group>
			<contrib-group>
                          
				<contrib contrib-type="author">
					<name>
						<surname>McLean</surname>
						<given-names>Iona</given-names>
					</name>
                                        
					<xref ref-type="aff" rid="aff1"><sup>1</sup></xref>


				</contrib>



				<contrib contrib-type="author">
					<name>
						<surname>Sherbak</surname>
						<given-names>Esther</given-names>
					</name>
                                        
					<xref ref-type="aff" rid="aff2"><sup>2</sup></xref>


				</contrib>



				<contrib contrib-type="author">
					<name>
						<surname>Mikkelsen</surname>
						<given-names>Loganne</given-names>
					</name>
                                        
					<xref ref-type="aff" rid="aff2"><sup>2</sup></xref>


				</contrib>



				<contrib contrib-type="author">
					<name>
						<surname>Erkelens</surname>
						<given-names>Ian</given-names>
					</name>
                                        
					<xref ref-type="aff" rid="aff3"><sup>3</sup></xref>


				</contrib>



				<contrib contrib-type="author">
					<name>
						<surname>Sharma</surname>
						<given-names>Robin</given-names>
					</name>
                                        
					<xref ref-type="aff" rid="aff3"><sup>3</sup></xref>


				</contrib>



				<contrib contrib-type="author">
					<name>
						<surname>Cooper</surname>
						<given-names>Emily</given-names>
					</name>
                                        
					<xref ref-type="aff" rid="aff4"><sup>4</sup></xref>


				</contrib>




                          
				<aff id="aff1">
					<label><sup>1</sup></label>
					<institution>Herbert Wertheim School of Optometry and Vision Science, University of California, Berkeley</institution>
				</aff>


				<aff id="aff2">
					<label><sup>2</sup></label>
					<institution>Herbert Wertheim School of Optometry and Vision Science</institution>
				</aff>


				<aff id="aff3">
					<label><sup>3</sup></label>
					<institution>Meta Reality Labs</institution>
				</aff>


				<aff id="aff4">
					<label><sup>4</sup></label>
					<institution>(1) Herbert Wertheim School of Optometry and Vision Science (2) Helen Wills Neuroscience Institute</institution>
				</aff>


			</contrib-group>
			<pub-date pub-type="ppub"><month>12</month>
				<year>2023</year>
			</pub-date>
			<pub-date pub-type="epub"><month>12</month>
				<year>2023</year>
			</pub-date>
						<volume>23</volume>
						<issue>15</issue>
						<fpage>72</fpage>
						<lpage>72</lpage>
			<permissions>
				<license license-type="cc-by-nc-nd" xlink:href="http://creativecommons.org/licenses/by-nc-nd/4.0/">
					<license-p>This work is licensed under a Creative Commons Attribution-NonCommercial-NoDerivatives 4.0 International License.</license-p>
				</license>
			</permissions>
			<abstract>
				<p>While corrective spectacles have been worn for centuries, relatively little is known about the physical and perceptual effects associated with their optical distortions. Retinal image minification, for example, is caused by myopic spectacle correction and may also occur in near-eye displays. Previous work suggests that different amounts of minification (or magnification) between the eyes can produce perceptual distortions and oculomotor discomfort, but the extent to which these effects are problematic is unknown. In our first study, forty observers wore minifying spectacles of 2% or 4% in both eyes (binocular), just one eye (monocular), or neither eye (control). After performing a task that incorporated reading, interacting with objects, and visual search, participants reported their symptoms. Overall, participants found monocular minification to be slightly more uncomfortable than the binocular counterpart. Monocular minification produced greater eyestrain and self-reported difficulty interacting with objects. In a second study, we investigated how these two symptoms change after one hour of adaptation to monocular 4% lenses. We found that both symptoms worsened during adaptation. Interestly, the difficulty interacting with objects declined soon after the lenses were removed, while eyestrain persisted. Taken together, these studies indicate specific types of discomfort during natural tasks that may be reduced through improving optical lens designs in the future.</p>
			</abstract>
		</article-meta>
	</front>
	<back>
                
               <fn-group>
			<fn>
				<p>Funding: Funding: Funded by the National Science Foundation (Award #2041726) and Meta Reality Labs.</p>
			</fn>
		</fn-group>

	</back>
</article>