<?xml version="1.0"?><!DOCTYPE article PUBLIC "-//NLM//DTD JATS (Z39.96) Journal Publishing DTD v1.0 20120330//EN" "http://jats.nlm.nih.gov/publishing/1.0/JATS-journalpublishing1.dtd">
<article xmlns:mml="http://www.w3.org/1998/Math/MathML" xmlns:xlink="http://www.w3.org/1999/xlink" article-type="Optica Fall Vision Meeting Abstract">
	<front>
		<journal-meta>
			<journal-id journal-id-type="hwp">jov</journal-id>
			<journal-id journal-id-type="publisher-id">JOVI</journal-id>
			<journal-title-group>
				<journal-title>Journal of Vision</journal-title>
			</journal-title-group>
			<issn pub-type="epub">1534-7362</issn>
			<publisher>
				<publisher-name>Association for Research in Vision and Ophthalmology</publisher-name>
			</publisher>
		</journal-meta>
		<article-meta>
			<article-id pub-id-type="doi">10.1167/jov.23.15.21</article-id>
			<article-id pub-id-type="manuscript">Talks_21</article-id>
			<article-categories>
				<subj-group subj-group-type="category">
					<subject>Invited Session V: Binocular vision and interactions</subject>
				</subj-group>
			</article-categories>
			<title-group>
				<article-title>Invited Session V: Binocular vision and interactions: The case against probabilistic inference: A deterministic theory of 3D visualprocessing</article-title>
			</title-group>
			<contrib-group>
                          
				<contrib contrib-type="author">
					<name>
						<surname>Domini</surname>
						<given-names>Fulvio</given-names>
					</name>
                                        
					<xref ref-type="aff" rid="aff1"><sup>1</sup></xref>


				</contrib>




                          
				<aff id="aff1">
					<label><sup>1</sup></label>
					<institution>Brown University</institution>
				</aff>


			</contrib-group>
			<pub-date pub-type="ppub"><month>12</month>
				<year>2023</year>
			</pub-date>
			<pub-date pub-type="epub"><month>12</month>
				<year>2023</year>
			</pub-date>
						<volume>23</volume>
						<issue>15</issue>
						<fpage>21</fpage>
						<lpage>21</lpage>
			<permissions>
				<license license-type="cc-by-nc-nd" xlink:href="http://creativecommons.org/licenses/by-nc-nd/4.0/">
					<license-p>This work is licensed under a Creative Commons Attribution-NonCommercial-NoDerivatives 4.0 International License.</license-p>
				</license>
			</permissions>
			<abstract>
				<p>I will describe a new computational theory of 3D cue integration and introduce a novel theoretical framework to study 3D vision in humans. The proposed computational theory differs from the current mainstream approaches to the problem in two fundamentally different ways.  First, it assumes that 3D mechanisms are deterministic processes that map a given visual stimulus to a unique 3D representation. Second, the proposed theory posits that 3D processing is heuristic, finding correct solutions to the problem only in ideal viewing conditions. The deterministic and heuristic nature of these mechanisms is inconsistent with Bayesian approaches that model brain mechanisms as processes of Bayesian inference aimed at deriving the most accurate and precise representation of 3D structures. These two main features of the proposed theory are implemented in a computational model that allows quantitative predictions of new phenomena. First, it provides an entirely different interpretation of Just Noticeable Differences, a hallmark measure of perceptual uncertainty. Second, it predicts specific perceptual distortions that are at odds with what previous accounts would predict. I will also discuss how the deterministic and heuristic nature of the proposed computational model points towards a re-evaluation of fundamental theoretical assumptions in perception research.</p>
			</abstract>
		</article-meta>
	</front>
	<back>
                
               <fn-group>
			<fn>
				<p>Funding: Funding: Supported by grants from the National Science Foundation (1827550 and 2120610) and the National Institutes of Health (1R21EY033182-01A1)</p>
			</fn>
		</fn-group>

	</back>
</article>