<?xml version="1.0"?><!DOCTYPE article PUBLIC "-//NLM//DTD JATS (Z39.96) Journal Publishing DTD v1.0 20120330//EN" "http://jats.nlm.nih.gov/publishing/1.0/JATS-journalpublishing1.dtd">
<article xmlns:mml="http://www.w3.org/1998/Math/MathML" xmlns:xlink="http://www.w3.org/1999/xlink" article-type="Optica Fall Vision Meeting Abstract">
	<front>
		<journal-meta>
			<journal-id journal-id-type="hwp">jov</journal-id>
			<journal-id journal-id-type="publisher-id">JOVI</journal-id>
			<journal-title-group>
				<journal-title>Journal of Vision</journal-title>
			</journal-title-group>
			<issn pub-type="epub">1534-7362</issn>
			<publisher>
				<publisher-name>Association for Research in Vision and Ophthalmology</publisher-name>
			</publisher>
		</journal-meta>
		<article-meta>
			<article-id pub-id-type="doi">10.1167/jov.23.15.20</article-id>
			<article-id pub-id-type="manuscript">Talks_20</article-id>
			<article-categories>
				<subj-group subj-group-type="category">
					<subject>Invited Session V: Binocular vision and interactions</subject>
				</subj-group>
			</article-categories>
			<title-group>
				<article-title>Invited Session V: Binocular vision and interactions: Binocular vision and the control of foot placement during walking in natural terrain</article-title>
			</title-group>
			<contrib-group>
                          
				<contrib contrib-type="author">
					<name>
						<surname>Bonnen</surname>
						<given-names>Kathryn</given-names>
					</name>
                                        
					<xref ref-type="aff" rid="aff1"><sup>1</sup></xref>


				</contrib>



				<contrib contrib-type="author">
					<name>
						<surname>Matthis</surname>
						<given-names>Jonathan S</given-names>
					</name>
                                        
					<xref ref-type="aff" rid="aff2"><sup>2</sup></xref>


				</contrib>



				<contrib contrib-type="author">
					<name>
						<surname>Hayhoe</surname>
						<given-names>Mary</given-names>
					</name>
                                        
					<xref ref-type="aff" rid="aff3"><sup>3</sup></xref>


				</contrib>




                          
				<aff id="aff1">
					<label><sup>1</sup></label>
					<institution>Indiana University School of Optometry</institution>
				</aff>


				<aff id="aff2">
					<label><sup>2</sup></label>
					<institution>Northeastern University</institution>
				</aff>


				<aff id="aff3">
					<label><sup>3</sup></label>
					<institution>University of Texas</institution>
				</aff>


			</contrib-group>
			<pub-date pub-type="ppub"><month>12</month>
				<year>2023</year>
			</pub-date>
			<pub-date pub-type="epub"><month>12</month>
				<year>2023</year>
			</pub-date>
						<volume>23</volume>
						<issue>15</issue>
						<fpage>20</fpage>
						<lpage>20</lpage>
			<permissions>
				<license license-type="cc-by-nc-nd" xlink:href="http://creativecommons.org/licenses/by-nc-nd/4.0/">
					<license-p>This work is licensed under a Creative Commons Attribution-NonCommercial-NoDerivatives 4.0 International License.</license-p>
				</license>
			</permissions>
			<abstract>
				<p>Coordination between visual and motor processes during walking is critical for the selection of stable footholds when walking in rough terrains.  In our work we collect eye movements and body motion while people walk over complex natural terrains.  We found that gaze strategy was highly sensitive to the complexity of the terrain, with more fixations dedicated to foothold selection as the terrain became more difficult.  Disrupting the binocular vision led to a tendency to focus on closer footholds, suggesting that this loss of information places more pressure on the visuomotor control process.  Furthermore we find a relationship between a person&#39;s stereoacuity and their gaze strategy.  These findings help us understand how vision loss can impact everyday tasks like walking.  </p>
			</abstract>
		</article-meta>
	</front>
	<back>
                
               <fn-group>
			<fn>
				<p>Funding: Funding: NIH NEI, ARVO/VSS fellowship, Harrington fellowship</p>
			</fn>
		</fn-group>

	</back>
</article>