<?xml version="1.0"?><!DOCTYPE article PUBLIC "-//NLM//DTD JATS (Z39.96) Journal Publishing DTD v1.0 20120330//EN" "http://jats.nlm.nih.gov/publishing/1.0/JATS-journalpublishing1.dtd">
<article xmlns:mml="http://www.w3.org/1998/Math/MathML" xmlns:xlink="http://www.w3.org/1999/xlink" article-type="Optica Fall Vision Meeting Abstract">
	<front>
		<journal-meta>
			<journal-id journal-id-type="hwp">jov</journal-id>
			<journal-id journal-id-type="publisher-id">JOVI</journal-id>
			<journal-title-group>
				<journal-title>Journal of Vision</journal-title>
			</journal-title-group>
			<issn pub-type="epub">1534-7362</issn>
			<publisher>
				<publisher-name>Association for Research in Vision and Ophthalmology</publisher-name>
			</publisher>
		</journal-meta>
		<article-meta>
			<article-id pub-id-type="doi">10.1167/jov.23.15.51</article-id>
			<article-id pub-id-type="manuscript">Talks_51</article-id>
			<article-categories>
				<subj-group subj-group-type="category">
					<subject>Poster Session II</subject>
				</subj-group>
			</article-categories>
			<title-group>
				<article-title>Poster Session II: Light-adaptation clamp: A tool to predictably manipulate photoreceptor light responses</article-title>
			</title-group>
			<contrib-group>
                          
				<contrib contrib-type="author">
					<name>
						<surname>Chen</surname>
						<given-names>Qiang</given-names>
					</name>
                                        
					<xref ref-type="aff" rid="aff1"><sup>1</sup></xref>


				</contrib>



				<contrib contrib-type="author">
					<name>
						<surname>Ingram</surname>
						<given-names>Norianne T.</given-names>
					</name>
                                        
					<xref ref-type="aff" rid="aff1"><sup>1</sup></xref>


				</contrib>



				<contrib contrib-type="author">
					<name>
						<surname>Baudin</surname>
						<given-names>Jacob</given-names>
					</name>
                                        
					<xref ref-type="aff" rid="aff1"><sup>1</sup></xref>


				</contrib>



				<contrib contrib-type="author">
					<name>
						<surname>Angueyra</surname>
						<given-names>Juan M.</given-names>
					</name>
                                        
					<xref ref-type="aff" rid="aff2"><sup>2</sup></xref>


				</contrib>



				<contrib contrib-type="author">
					<name>
						<surname>Sinha</surname>
						<given-names>Raunak</given-names>
					</name>
                                        
					<xref ref-type="aff" rid="aff3"><sup>3</sup></xref>


				</contrib>



				<contrib contrib-type="author">
					<name>
						<surname>Rieke</surname>
						<given-names>Fred</given-names>
					</name>
                                        
					<xref ref-type="aff" rid="aff1"><sup>1</sup></xref>


				</contrib>




                          
				<aff id="aff1">
					<label><sup>1</sup></label>
					<institution>University of Washington</institution>
				</aff>


				<aff id="aff2">
					<label><sup>2</sup></label>
					<institution>University of Maryland, College Park</institution>
				</aff>


				<aff id="aff3">
					<label><sup>3</sup></label>
					<institution>University of Wisconsin,  Madison</institution>
				</aff>


			</contrib-group>
			<pub-date pub-type="ppub"><month>12</month>
				<year>2023</year>
			</pub-date>
			<pub-date pub-type="epub"><month>12</month>
				<year>2023</year>
			</pub-date>
						<volume>23</volume>
						<issue>15</issue>
						<fpage>51</fpage>
						<lpage>51</lpage>
			<permissions>
				<license license-type="cc-by-nc-nd" xlink:href="http://creativecommons.org/licenses/by-nc-nd/4.0/">
					<license-p>This work is licensed under a Creative Commons Attribution-NonCommercial-NoDerivatives 4.0 International License.</license-p>
				</license>
			</permissions>
			<abstract>
				<p>Computation in neural circuits relies on judicious use of nonlinear circuit components. In many cases, multiple nonlinear components work collectively to control circuit outputs. Separating the contributions of these different components is difficult, and this hampers our understanding of the mechanistic basis of many important computations. Here, we introduce a tool that permits the design of light stimuli that predictably alter rod and cone phototransduction currents - including the compensation for nonlinear properties such as light adaptation. This tool, based on well-established models for the rod and cone phototransduction cascade, permits the separation of nonlinearities in phototransduction from those in downstream circuits. This will allow, for example, direct tests of the role of photoreceptor adaptation in downstream visual signals or in perception.</p>
			</abstract>
		</article-meta>
	</front>
	<back>
                
               <fn-group>
			<fn>
				<p>Funding: Funding: NIH grant EY028542</p>
			</fn>
		</fn-group>

	</back>
</article>