<?xml version="1.0"?><!DOCTYPE article PUBLIC "-//NLM//DTD JATS (Z39.96) Journal Publishing DTD v1.0 20120330//EN" "http://jats.nlm.nih.gov/publishing/1.0/JATS-journalpublishing1.dtd">
<article xmlns:mml="http://www.w3.org/1998/Math/MathML" xmlns:xlink="http://www.w3.org/1999/xlink" article-type="Optica Fall Vision Meeting Abstract">
	<front>
		<journal-meta>
			<journal-id journal-id-type="hwp">jov</journal-id>
			<journal-id journal-id-type="publisher-id">JOVI</journal-id>
			<journal-title-group>
				<journal-title>Journal of Vision</journal-title>
			</journal-title-group>
			<issn pub-type="epub">1534-7362</issn>
			<publisher>
				<publisher-name>Association for Research in Vision and Ophthalmology</publisher-name>
			</publisher>
		</journal-meta>
		<article-meta>
			<article-id pub-id-type="doi">10.1167/jov.23.15.32</article-id>
			<article-id pub-id-type="manuscript">Talks_32</article-id>
			<article-categories>
				<subj-group subj-group-type="category">
					<subject>Poster Session I</subject>
				</subj-group>
			</article-categories>
			<title-group>
				<article-title>Poster Session I: Perspective-correct rendering for active observers</article-title>
			</title-group>
			<contrib-group>
                          
				<contrib contrib-type="author">
					<name>
						<surname>Guan</surname>
						<given-names>Phillip</given-names>
					</name>
                                        
					<xref ref-type="aff" rid="aff1"><sup>1</sup></xref>


				</contrib>



				<contrib contrib-type="author">
					<name>
						<surname>Penner</surname>
						<given-names>Eric</given-names>
					</name>
                                        
					<xref ref-type="aff" rid="aff1"><sup>1</sup></xref>


				</contrib>



				<contrib contrib-type="author">
					<name>
						<surname>Hegland</surname>
						<given-names>Joel</given-names>
					</name>
                                        
					<xref ref-type="aff" rid="aff1"><sup>1</sup></xref>


				</contrib>



				<contrib contrib-type="author">
					<name>
						<surname>Letham</surname>
						<given-names>Benjamin</given-names>
					</name>
                                        
					<xref ref-type="aff" rid="aff2"><sup>2</sup></xref>


				</contrib>



				<contrib contrib-type="author">
					<name>
						<surname>Lanman</surname>
						<given-names>Douglas</given-names>
					</name>
                                        
					<xref ref-type="aff" rid="aff1"><sup>1</sup></xref>


				</contrib>




                          
				<aff id="aff1">
					<label><sup>1</sup></label>
					<institution>Meta Reality Labs Research</institution>
				</aff>


				<aff id="aff2">
					<label><sup>2</sup></label>
					<institution>Meta</institution>
				</aff>


			</contrib-group>
			<pub-date pub-type="ppub"><month>12</month>
				<year>2023</year>
			</pub-date>
			<pub-date pub-type="epub"><month>12</month>
				<year>2023</year>
			</pub-date>
						<volume>23</volume>
						<issue>15</issue>
						<fpage>32</fpage>
						<lpage>32</lpage>
			<permissions>
				<license license-type="cc-by-nc-nd" xlink:href="http://creativecommons.org/licenses/by-nc-nd/4.0/">
					<license-p>This work is licensed under a Creative Commons Attribution-NonCommercial-NoDerivatives 4.0 International License.</license-p>
				</license>
			</permissions>
			<abstract>
				<p>Stereoscopic, head-tracked display systems can show users realistic, world-locked virtual objects and environments (i.e., rendering perspective-correct binocular images with accurate motion parallax). However, discrepancies between the rendering pipeline and physical viewing conditions can lead to perceived instability in the rendered content resulting in reduced immersion and, potentially, visually-induced motion sickness. Precise requirements to achieve perceptually stable world-locked rendering (WLR) are unknown due to the challenge of constructing a wide field of view, distortion-free display with highly accurate head and eyetracking. We present a custom-built system capable of rendering virtual objects over real-world references without perceivable drift under such constraints. This platform is used to study acceptable errors in render camera position for WLR in augmented and virtual reality scenarios, where we find an order of magnitude difference in perceptual sensitivity. We conclude with an analytic model which examines changes to apparent depth and visual direction in response to camera displacement errors, and visual direction is highlighted as a potentially important consideration for WLR alongside depth errors from incorrect disparity.</p>
			</abstract>
		</article-meta>
	</front>
	<back>
                
               <fn-group>
			<fn>
				<p>Funding: Funding: None</p>
			</fn>
		</fn-group>

	</back>
</article>