<?xml version="1.0"?><!DOCTYPE article PUBLIC "-//NLM//DTD JATS (Z39.96) Journal Publishing DTD v1.0 20120330//EN" "http://jats.nlm.nih.gov/publishing/1.0/JATS-journalpublishing1.dtd">
<article xmlns:mml="http://www.w3.org/1998/Math/MathML" xmlns:xlink="http://www.w3.org/1999/xlink" article-type="Optica Fall Vision Meeting Abstract">
	<front>
		<journal-meta>
			<journal-id journal-id-type="hwp">jov</journal-id>
			<journal-id journal-id-type="publisher-id">JOVI</journal-id>
			<journal-title-group>
				<journal-title>Journal of Vision</journal-title>
			</journal-title-group>
			<issn pub-type="epub">1534-7362</issn>
			<publisher>
				<publisher-name>Association for Research in Vision and Ophthalmology</publisher-name>
			</publisher>
		</journal-meta>
		<article-meta>
			<article-id pub-id-type="doi">10.1167/jov.23.15.2</article-id>
			<article-id pub-id-type="manuscript">Talks_2</article-id>
			<article-categories>
				<subj-group subj-group-type="category">
					<subject>Boynton Lecture</subject>
				</subj-group>
			</article-categories>
			<title-group>
				<article-title>Boynton Lecture: Wiring specificity and plasticity of the vertebrate retina</article-title>
			</title-group>
			<contrib-group>
                          
				<contrib contrib-type="author">
					<name>
						<surname>Wong</surname>
						<given-names>Rachel</given-names>
					</name>
                                        
					<xref ref-type="aff" rid="aff1"><sup>1</sup></xref>


				</contrib>




                          
				<aff id="aff1">
					<label><sup>1</sup></label>
					<institution>Department of Biological Structure, University of Washington</institution>
				</aff>


			</contrib-group>
			<pub-date pub-type="ppub"><month>12</month>
				<year>2023</year>
			</pub-date>
			<pub-date pub-type="epub"><month>12</month>
				<year>2023</year>
			</pub-date>
						<volume>23</volume>
						<issue>15</issue>
						<fpage>2</fpage>
						<lpage>2</lpage>
			<permissions>
				<license license-type="cc-by-nc-nd" xlink:href="http://creativecommons.org/licenses/by-nc-nd/4.0/">
					<license-p>This work is licensed under a Creative Commons Attribution-NonCommercial-NoDerivatives 4.0 International License.</license-p>
				</license>
			</permissions>
			<abstract>
				<p>Vision relies on the output of the many functionally distinct and precisely wired circuits of the retina. Using transgenic techniques, imaging methods and electrophysiology, we seek to uncover the developmental mechanisms that help establish the wiring specificity of retinal circuits in vertebrates. Moreover, because injury or disease can cause rewiring after maturation, we are also reconstructing primate retinal circuits impacted by the loss of input, in order to identify the challenges to circuit repair.</p>
			</abstract>
		</article-meta>
	</front>
	<back>
                
               <fn-group>
			<fn>
				<p>Funding: Funding: Supported by NIH EY10699, EY033447 and EY01730</p>
			</fn>
		</fn-group>

	</back>
</article>