<?xml version="1.0"?><!DOCTYPE article PUBLIC "-//NLM//DTD JATS (Z39.96) Journal Publishing DTD v1.0 20120330//EN" "http://jats.nlm.nih.gov/publishing/1.0/JATS-journalpublishing1.dtd">
<article xmlns:mml="http://www.w3.org/1998/Math/MathML" xmlns:xlink="http://www.w3.org/1999/xlink" article-type="Optica Fall Vision Meeting Abstract">
	<front>
		<journal-meta>
			<journal-id journal-id-type="hwp">jov</journal-id>
			<journal-id journal-id-type="publisher-id">JOVI</journal-id>
			<journal-title-group>
				<journal-title>Journal of Vision</journal-title>
			</journal-title-group>
			<issn pub-type="epub">1534-7362</issn>
			<publisher>
				<publisher-name>Association for Research in Vision and Ophthalmology</publisher-name>
			</publisher>
		</journal-meta>
		<article-meta>
			<article-id pub-id-type="doi">10.1167/jov.23.15.80</article-id>
			<article-id pub-id-type="manuscript">Talks_80</article-id>
			<article-categories>
				<subj-group subj-group-type="category">
					<subject>Contributed Session III</subject>
				</subj-group>
			</article-categories>
			<title-group>
				<article-title>Contributed Session III: The naming and understanding of color: the Color Communication Game</article-title>
			</title-group>
			<contrib-group>
                          
				<contrib contrib-type="author">
					<name>
						<surname>Brown</surname>
						<given-names>Angela M.</given-names>
					</name>
                                        
					<xref ref-type="aff" rid="aff1"><sup>1</sup></xref>


				</contrib>



				<contrib contrib-type="author">
					<name>
						<surname>Lindsey</surname>
						<given-names>Delwin T.</given-names>
					</name>
                                        
					<xref ref-type="aff" rid="aff1"><sup>1</sup></xref>


				</contrib>




                          
				<aff id="aff1">
					<label><sup>1</sup></label>
					<institution>Ohio State University</institution>
				</aff>


			</contrib-group>
			<pub-date pub-type="ppub"><month>12</month>
				<year>2023</year>
			</pub-date>
			<pub-date pub-type="epub"><month>12</month>
				<year>2023</year>
			</pub-date>
						<volume>23</volume>
						<issue>15</issue>
						<fpage>80</fpage>
						<lpage>80</lpage>
			<permissions>
				<license license-type="cc-by-nc-nd" xlink:href="http://creativecommons.org/licenses/by-nc-nd/4.0/">
					<license-p>This work is licensed under a Creative Commons Attribution-NonCommercial-NoDerivatives 4.0 International License.</license-p>
				</license>
			</permissions>
			<abstract>
				<p>When a person views a color sample, they can usually provide a color term for it. But will that color term allow someone else to understand which sample was named? We examined color understanding using a Color Communication Game, in which one person (the “sender”) names 30 color samples as in any color-naming study, then another person (the “receiver”) chooses the sample they think the sender intended to communicate. The receiver cannot always guess the right sample, and no choice strategy will do better than randomly choosing among the samples the receiver called by that term. When 70 English-speaking dyads and 63 Somali-speaking dyads played the game, receivers did not perform randomly. Instead, they systematically chose “focal” samples near the centers of their color term distributions. When the senders’ named samples were compared directly to the receivers’ chosen samples, the systematic distribution of receiver choices revealed color categories, which appeared without any statistical analysis of the players’ terms. Simulation of receiver choices based on senders’ color names showed that both Somali-speaking and English-speaking participants knew more color terms than the ones they used in color-naming. Our Color Communication Game showed that color-naming experiments underestimate color understanding: people understand colors categorically, but they express colors using multiple synonymous color terms that are well-understood by others. </p>
			</abstract>
		</article-meta>
	</front>
	<back>
                
               <fn-group>
			<fn>
				<p>Funding: Funding: NSF BCS-1152841 </p>
			</fn>
		</fn-group>

	</back>
</article>