<?xml version="1.0"?><!DOCTYPE article PUBLIC "-//NLM//DTD JATS (Z39.96) Journal Publishing DTD v1.0 20120330//EN" "http://jats.nlm.nih.gov/publishing/1.0/JATS-journalpublishing1.dtd">
<article xmlns:mml="http://www.w3.org/1998/Math/MathML" xmlns:xlink="http://www.w3.org/1999/xlink" article-type="Optica Fall Vision Meeting Abstract">
	<front>
		<journal-meta>
			<journal-id journal-id-type="hwp">jov</journal-id>
			<journal-id journal-id-type="publisher-id">JOVI</journal-id>
			<journal-title-group>
				<journal-title>Journal of Vision</journal-title>
			</journal-title-group>
			<issn pub-type="epub">1534-7362</issn>
			<publisher>
				<publisher-name>Association for Research in Vision and Ophthalmology</publisher-name>
			</publisher>
		</journal-meta>
		<article-meta>
			<article-id pub-id-type="doi">10.1167/jov.23.15.64</article-id>
			<article-id pub-id-type="manuscript">Talks_64</article-id>
			<article-categories>
				<subj-group subj-group-type="category">
					<subject>Poster Session II</subject>
				</subj-group>
			</article-categories>
			<title-group>
				<article-title>Poster Session II: Understanding scattering in high-resolution retinal imaging</article-title>
			</title-group>
			<contrib-group>
                          
				<contrib contrib-type="author">
					<name>
						<surname>Vohnsen</surname>
						<given-names>Brian</given-names>
					</name>
                                        
					<xref ref-type="aff" rid="aff1"><sup>1</sup></xref>


				</contrib>



				<contrib contrib-type="author">
					<name>
						<surname>Qaysi</surname>
						<given-names>Salihah</given-names>
					</name>
                                        
					<xref ref-type="aff" rid="aff2"><sup>2</sup></xref>


				</contrib>



				<contrib contrib-type="author">
					<name>
						<surname>Chanady Babu</surname>
						<given-names>Aishwarya </given-names>
					</name>
                                        
					<xref ref-type="aff" rid="aff1"><sup>1</sup></xref>


				</contrib>



				<contrib contrib-type="author">
					<name>
						<surname>Choi</surname>
						<given-names>Stacey</given-names>
					</name>
                                        
					<xref ref-type="aff" rid="aff3"><sup>3</sup></xref>


				</contrib>



				<contrib contrib-type="author">
					<name>
						<surname>Doble</surname>
						<given-names>Nathan</given-names>
					</name>
                                        
					<xref ref-type="aff" rid="aff3"><sup>3</sup></xref>


				</contrib>




                          
				<aff id="aff1">
					<label><sup>1</sup></label>
					<institution>University College Dublin</institution>
				</aff>


				<aff id="aff2">
					<label><sup>2</sup></label>
					<institution>Jazan University</institution>
				</aff>


				<aff id="aff3">
					<label><sup>3</sup></label>
					<institution>Ohio State University</institution>
				</aff>


			</contrib-group>
			<pub-date pub-type="ppub"><month>12</month>
				<year>2023</year>
			</pub-date>
			<pub-date pub-type="epub"><month>12</month>
				<year>2023</year>
			</pub-date>
						<volume>23</volume>
						<issue>15</issue>
						<fpage>64</fpage>
						<lpage>64</lpage>
			<permissions>
				<license license-type="cc-by-nc-nd" xlink:href="http://creativecommons.org/licenses/by-nc-nd/4.0/">
					<license-p>This work is licensed under a Creative Commons Attribution-NonCommercial-NoDerivatives 4.0 International License.</license-p>
				</license>
			</permissions>
			<abstract>
				<p>In conventional fundus images the contrast relates to scattering and absorption of light. Here, we report on modeling of high-resolution retinal imaging to understand the role of mitochondria light scattering in the ellipsoid of photoreceptors. We evaluate the directionality appearance of the photoreceptors, and its relation to drusen appearance in age-related macular degeneration (AMD). The refractive index contrast of the mitochondria collectively resembles that of micron-sized reflectors. Obliqueness of the scattering results in vignetting by the pupil that impacts on the brightness of the photoreceptors. Our hypothesis is that in early-stage AMD, drusen will perturb the photoreceptor alignment and thus cause oblique scattering and reduced brightness on the slope of the drusen in high-resolution retinal images. We model how this affects the observable photoreceptor mosaic both in the healthy eye and in eyes with AMD. The results confirm that the annular dark ring around drusen is likely caused by oblique scattering. We use a model eye to test the hypothesis with a reflective mask emulating the photoreceptor mosaic  An SLM is used for amplitude modulation in the pupil and differential imaging allows for capturing off-axis images with an appearance like that of phase contrast images. Further refinement of the model eye may be a valuable way to test new imaging modalities prior to their implementation in the real eye.</p>
			</abstract>
		</article-meta>
	</front>
	<back>
                
               <fn-group>
			<fn>
				<p>Funding: Funding: None</p>
			</fn>
		</fn-group>

	</back>
</article>