<?xml version="1.0"?><!DOCTYPE article PUBLIC "-//NLM//DTD JATS (Z39.96) Journal Publishing DTD v1.0 20120330//EN" "http://jats.nlm.nih.gov/publishing/1.0/JATS-journalpublishing1.dtd">
<article xmlns:mml="http://www.w3.org/1998/Math/MathML" xmlns:xlink="http://www.w3.org/1999/xlink" article-type="Optica Fall Vision Meeting Abstract">
	<front>
		<journal-meta>
			<journal-id journal-id-type="hwp">jov</journal-id>
			<journal-id journal-id-type="publisher-id">JOVI</journal-id>
			<journal-title-group>
				<journal-title>Journal of Vision</journal-title>
			</journal-title-group>
			<issn pub-type="epub">1534-7362</issn>
			<publisher>
				<publisher-name>Association for Research in Vision and Ophthalmology</publisher-name>
			</publisher>
		</journal-meta>
		<article-meta>
			<article-id pub-id-type="doi">10.1167/jov.23.15.6</article-id>
			<article-id pub-id-type="manuscript">Talks_6</article-id>
			<article-categories>
				<subj-group subj-group-type="category">
					<subject>Invited Session I: 30 years of normalization in the visual system</subject>
				</subj-group>
			</article-categories>
			<title-group>
				<article-title>Invited Session I: 30 years of normalization in the visual system: Exponentiation and normalization as mechanisms for efficient selection of sensory signals </article-title>
			</title-group>
			<contrib-group>
                          
				<contrib contrib-type="author">
					<name>
						<surname>Gardner</surname>
						<given-names>Justin</given-names>
					</name>
                                        
					<xref ref-type="aff" rid="aff1"><sup>1</sup></xref>


				</contrib>




                          
				<aff id="aff1">
					<label><sup>1</sup></label>
					<institution>Stanford University</institution>
				</aff>


			</contrib-group>
			<pub-date pub-type="ppub"><month>12</month>
				<year>2023</year>
			</pub-date>
			<pub-date pub-type="epub"><month>12</month>
				<year>2023</year>
			</pub-date>
						<volume>23</volume>
						<issue>15</issue>
						<fpage>6</fpage>
						<lpage>6</lpage>
			<permissions>
				<license license-type="cc-by-nc-nd" xlink:href="http://creativecommons.org/licenses/by-nc-nd/4.0/">
					<license-p>This work is licensed under a Creative Commons Attribution-NonCommercial-NoDerivatives 4.0 International License.</license-p>
				</license>
			</permissions>
			<abstract>
				<p>The standard formulation of the normalization operation comprises two canonical neural computations, exponentiation and division; a counter-balancing of two forces. Exponentiation favors the strong. Larger responses grow even larger than smaller ones. In the extreme, exponentiation is a winner-take-all computation. Division by the pooled responses of a neural population brings run-away responses back down to an operable range. Division normalizes to the average population activity responses that have grown large through exponentiation. Such simple operations have surprisingly many applications across sensory and cognitive systems of the brain. Here, I will focus on how these operations can facilitate selection of sensory signals for prioritized processing, and thereby explain perceptual benefits of spatial attention.</p>
			</abstract>
		</article-meta>
	</front>
	<back>
                
               <fn-group>
			<fn>
				<p>Funding: Funding: Wu Tsai Neurosciences Institute and Stanford Institute for Human Centered Artificial Intelligence</p>
			</fn>
		</fn-group>

	</back>
</article>