<?xml version="1.0"?><!DOCTYPE article PUBLIC "-//NLM//DTD JATS (Z39.96) Journal Publishing DTD v1.0 20120330//EN" "http://jats.nlm.nih.gov/publishing/1.0/JATS-journalpublishing1.dtd">
<article xmlns:mml="http://www.w3.org/1998/Math/MathML" xmlns:xlink="http://www.w3.org/1999/xlink" article-type="Optica Fall Vision Meeting Abstract">
	<front>
		<journal-meta>
			<journal-id journal-id-type="hwp">jov</journal-id>
			<journal-id journal-id-type="publisher-id">JOVI</journal-id>
			<journal-title-group>
				<journal-title>Journal of Vision</journal-title>
			</journal-title-group>
			<issn pub-type="epub">1534-7362</issn>
			<publisher>
				<publisher-name>Association for Research in Vision and Ophthalmology</publisher-name>
			</publisher>
		</journal-meta>
		<article-meta>
			<article-id pub-id-type="doi">10.1167/jov.23.15.82</article-id>
			<article-id pub-id-type="manuscript">Talks_82</article-id>
			<article-categories>
				<subj-group subj-group-type="category">
					<subject>Contributed Session III</subject>
				</subj-group>
			</article-categories>
			<title-group>
				<article-title>Contributed Session III: The limits of resolution in the S-cone pathway</article-title>
			</title-group>
			<contrib-group>
                          
				<contrib contrib-type="author">
					<name>
						<surname>Bharadwaj</surname>
						<given-names>Palash</given-names>
					</name>
                                        
					<xref ref-type="aff" rid="aff1"><sup>1</sup></xref>


				</contrib>



				<contrib contrib-type="author">
					<name>
						<surname>Slezak</surname>
						<given-names>Emily</given-names>
					</name>
                                        
					<xref ref-type="aff" rid="aff1"><sup>1</sup></xref>


				</contrib>



				<contrib contrib-type="author">
					<name>
						<surname>Pandiyan</surname>
						<given-names>Vimal Prabhu</given-names>
					</name>
                                        
					<xref ref-type="aff" rid="aff1"><sup>1</sup></xref>


				</contrib>



				<contrib contrib-type="author">
					<name>
						<surname>Coates</surname>
						<given-names>Daniel</given-names>
					</name>
                                        
					<xref ref-type="aff" rid="aff2"><sup>2</sup></xref>


				</contrib>



				<contrib contrib-type="author">
					<name>
						<surname>Sabesan</surname>
						<given-names>Ramkumar</given-names>
					</name>
                                        
					<xref ref-type="aff" rid="aff1"><sup>1</sup></xref>


				</contrib>




                          
				<aff id="aff1">
					<label><sup>1</sup></label>
					<institution>Department of Ophthalmology, University of Washington</institution>
				</aff>


				<aff id="aff2">
					<label><sup>2</sup></label>
					<institution>College of Optometry, University of Houston</institution>
				</aff>


			</contrib-group>
			<pub-date pub-type="ppub"><month>12</month>
				<year>2023</year>
			</pub-date>
			<pub-date pub-type="epub"><month>12</month>
				<year>2023</year>
			</pub-date>
						<volume>23</volume>
						<issue>15</issue>
						<fpage>82</fpage>
						<lpage>82</lpage>
			<permissions>
				<license license-type="cc-by-nc-nd" xlink:href="http://creativecommons.org/licenses/by-nc-nd/4.0/">
					<license-p>This work is licensed under a Creative Commons Attribution-NonCommercial-NoDerivatives 4.0 International License.</license-p>
				</license>
			</permissions>
			<abstract>
				<p>The resolution of the S-cone pathway is first constrained by the density and arrangement of S-cones in the photoreceptor mosaic. Prior work comparing S-cone isolating visual acuity (sVA) to histological estimates of S-cone density has led to mixed conclusions, likely due to inter-individual differences in the S-cone sub-mosaic. We examined sVA in subjects with spectrally classified cone mosaics to test how the grain of the S-cone sub-mosaic limits resolution. Three observers whose cones were previously classified via adaptive optics (AO)-OCT based optoretinography participated in an sVA task at eccentricities ranging from 1.3° to 12.9° spread along all four cardinal meridians. Observers adapted to yellow light [CIE (0.45, 0.51); 200 cd/m2] for two minutes.Then, acuity was measured using a Tumbling ‘E’ task that showed blue [CIE (0.16, 0.044); 0.66 cd/m2) letters on the same yellow background, with an S-cone contrast of 0.93 (L/M-cone contrasts &lt;0.01). Simultaneously recorded high-resolution AOSLO videos helped guide stimulus delivery to the spectrally classified retinal area. Measured sVAs were worse than predicted by the calculated S-cone Nyquist limit at all eccentricities, suggesting pooling of information from S-cones. Moreover, this pooling increased with eccentricity. While sVA does not follow the S-cone Nyquist limit, it is in good concordance with the Nyquist limit corresponding to known estimates of the sampling density of small bistratified retinal ganglion cells.</p>
			</abstract>
		</article-meta>
	</front>
	<back>
                
               <fn-group>
			<fn>
				<p>Funding: Funding: NIH grants U01EY032055, EY029710, P30EY001730; Burroughs Wellcome Fund Careers at the Scientific Interfaces; DOD Air Force Office of Scientific Research FA9550-21-1-0230; Unrestricted grant from the Research to Prevent Blindness</p>
			</fn>
		</fn-group>

	</back>
</article>