<?xml version="1.0"?><!DOCTYPE article PUBLIC "-//NLM//DTD JATS (Z39.96) Journal Publishing DTD v1.0 20120330//EN" "http://jats.nlm.nih.gov/publishing/1.0/JATS-journalpublishing1.dtd">
<article xmlns:mml="http://www.w3.org/1998/Math/MathML" xmlns:xlink="http://www.w3.org/1999/xlink" article-type="Optica Fall Vision Meeting Abstract">
	<front>
		<journal-meta>
			<journal-id journal-id-type="hwp">jov</journal-id>
			<journal-id journal-id-type="publisher-id">JOVI</journal-id>
			<journal-title-group>
				<journal-title>Journal of Vision</journal-title>
			</journal-title-group>
			<issn pub-type="epub">1534-7362</issn>
			<publisher>
				<publisher-name>Association for Research in Vision and Ophthalmology</publisher-name>
			</publisher>
		</journal-meta>
		<article-meta>
			<article-id pub-id-type="doi">10.1167/jov.23.15.7</article-id>
			<article-id pub-id-type="manuscript">Talks_7</article-id>
			<article-categories>
				<subj-group subj-group-type="category">
					<subject>Invited Session II: Retinal remodeling and regeneration</subject>
				</subj-group>
			</article-categories>
			<title-group>
				<article-title>Invited Session II: Retinal remodeling and regeneration: Partial cone loss triggers differential modification of inhibition across retinal pathways </article-title>
			</title-group>
			<contrib-group>
                          
				<contrib contrib-type="author">
					<name>
						<surname>Lee</surname>
						<given-names>Joo Yeun</given-names>
					</name>
                                        
					<xref ref-type="aff" rid="aff1"><sup>1</sup></xref>


				</contrib>



				<contrib contrib-type="author">
					<name>
						<surname>Della Santina</surname>
						<given-names>Luca</given-names>
					</name>
                                        
					<xref ref-type="aff" rid="aff2"><sup>2</sup></xref>


				</contrib>



				<contrib contrib-type="author">
					<name>
						<surname>Dunn</surname>
						<given-names>Felice</given-names>
					</name>
                                        
					<xref ref-type="aff" rid="aff1"><sup>1</sup></xref>


				</contrib>




                          
				<aff id="aff1">
					<label><sup>1</sup></label>
					<institution>Department of Ophthalmology, University of California, San Francisco</institution>
				</aff>


				<aff id="aff2">
					<label><sup>2</sup></label>
					<institution>College of Optometry, University of Houston</institution>
				</aff>


			</contrib-group>
			<pub-date pub-type="ppub"><month>12</month>
				<year>2023</year>
			</pub-date>
			<pub-date pub-type="epub"><month>12</month>
				<year>2023</year>
			</pub-date>
						<volume>23</volume>
						<issue>15</issue>
						<fpage>7</fpage>
						<lpage>7</lpage>
			<permissions>
				<license license-type="cc-by-nc-nd" xlink:href="http://creativecommons.org/licenses/by-nc-nd/4.0/">
					<license-p>This work is licensed under a Creative Commons Attribution-NonCommercial-NoDerivatives 4.0 International License.</license-p>
				</license>
			</permissions>
			<abstract>
				<p>Cone loss up to 40-60% can be undetected by visual acuity or sensitivity metrics. These findings suggest that conventional diagnostics can be insensitive to cone loss below a threshold and/or that visual circuits can be resilient to cone loss up to a threshold. To distinguish between these possibilities, our lab studied the effects of partial cone loss in the mature mouse retina. We induced controlled cone loss by selectively expressing the diphtheria toxin receptor under the cone opsin promoter (cone-DTR). We examined the effects of 50% cone loss on the three of the most sensitive cell types in mouse retina: alpha ON sustained (AON-S), OFF sustained (AOFF-S), and OFF transient (AOFF-T) ganglion cells. With multiple cell types, we can discern between effects common across pathways, i.e., changes to common circuit components, and effects unique to pathways, i.e., changes to circuit components after the pathways diverge to each cell type. In AON-S ganglion cells, partial cone loss triggers inhibition to increase spatiotemporal integration, recover contrast gain, and receive increased synaptic inputs. While OFF pathways also exhibit modified spatiotemporal processing with fewer cones, the extent of functional adjustments was unique between the AOFF-S and AOFF-T. Cone loss caused differential modifications to inhibition in each of these retinal pathways. These findings demonstrate that partial cone loss induced circuitry changes after the divergence of OFF retinal pathways.</p>
			</abstract>
		</article-meta>
	</front>
	<back>
                
               <fn-group>
			<fn>
				<p>Funding: Funding: R01 EY-029772</p>
			</fn>
		</fn-group>

	</back>
</article>