<?xml version="1.0"?><!DOCTYPE article PUBLIC "-//NLM//DTD JATS (Z39.96) Journal Publishing DTD v1.0 20120330//EN" "http://jats.nlm.nih.gov/publishing/1.0/JATS-journalpublishing1.dtd">
<article xmlns:mml="http://www.w3.org/1998/Math/MathML" xmlns:xlink="http://www.w3.org/1999/xlink" article-type="Optica Fall Vision Meeting Abstract">
	<front>
		<journal-meta>
			<journal-id journal-id-type="hwp">jov</journal-id>
			<journal-id journal-id-type="publisher-id">JOVI</journal-id>
			<journal-title-group>
				<journal-title>Journal of Vision</journal-title>
			</journal-title-group>
			<issn pub-type="epub">1534-7362</issn>
			<publisher>
				<publisher-name>Association for Research in Vision and Ophthalmology</publisher-name>
			</publisher>
		</journal-meta>
		<article-meta>
			<article-id pub-id-type="doi">10.1167/jov.23.15.65</article-id>
			<article-id pub-id-type="manuscript">Talks_65</article-id>
			<article-categories>
				<subj-group subj-group-type="category">
					<subject>Poster Session II</subject>
				</subj-group>
			</article-categories>
			<title-group>
				<article-title>Poster Session II: Development of transparency in the human lens cells</article-title>
			</title-group>
			<contrib-group>
                          
				<contrib contrib-type="author">
					<name>
						<surname>Clark</surname>
						<given-names>John</given-names>
					</name>
                                        
					<xref ref-type="aff" rid="aff1"><sup>1</sup></xref>


				</contrib>




                          
				<aff id="aff1">
					<label><sup>1</sup></label>
					<institution>University of Washington</institution>
				</aff>


			</contrib-group>
			<pub-date pub-type="ppub"><month>12</month>
				<year>2023</year>
			</pub-date>
			<pub-date pub-type="epub"><month>12</month>
				<year>2023</year>
			</pub-date>
						<volume>23</volume>
						<issue>15</issue>
						<fpage>65</fpage>
						<lpage>65</lpage>
			<permissions>
				<license license-type="cc-by-nc-nd" xlink:href="http://creativecommons.org/licenses/by-nc-nd/4.0/">
					<license-p>This work is licensed under a Creative Commons Attribution-NonCommercial-NoDerivatives 4.0 International License.</license-p>
				</license>
			</permissions>
			<abstract>
				<p> As the neural tube forms in the fifth week of human embryonic development, a few ectodermal cells adjacent to the neural plate in the trilaminar embryo, swell, thicken, and compress their intercellular space to form a minute lens placode.  At this early stage, the embryonic cells in the lens placode resemble neuroectoderm, enriched in cytoskeletal proteins, junctions, membrane channels, and stress response proteins. With continued differentiation, intracellular organelles disappear to decrease light scattering. The expression of high concentrations of crystallin proteins increase the index of refraction, “n”, for optimal optical function. In each cell, the condensed cytoplasmic proteins organize into the short-range order necessary for maximal transmission of light.  Actin, intermediate filaments and microtubules provide a scaffold for the organization of connexins, and aquaporin channels in the membranes supporting a unique microcirculation for the symmetric transport of fluid, ions, and nutrients to the layers of elongating, close-packed, hexagonal cells, the basis for this unique, biological, optical element. The entire optical system is stabilized by molecular and cellular mechanisms designed to protect optical function for a lifetime. Even with the specialized protective mechanisms in lens cells, loss of transparency in cataract formation is one of the most common effects of cellular aging accounting for over 50% of vision impairment worldwide</p>
			</abstract>
		</article-meta>
	</front>
	<back>
                
               <fn-group>
			<fn>
				<p>Funding: Funding: None</p>
			</fn>
		</fn-group>

	</back>
</article>