<?xml version="1.0"?><!DOCTYPE article PUBLIC "-//NLM//DTD JATS (Z39.96) Journal Publishing DTD v1.0 20120330//EN" "http://jats.nlm.nih.gov/publishing/1.0/JATS-journalpublishing1.dtd">
<article xmlns:mml="http://www.w3.org/1998/Math/MathML" xmlns:xlink="http://www.w3.org/1999/xlink" article-type="Optica Fall Vision Meeting Abstract">
	<front>
		<journal-meta>
			<journal-id journal-id-type="hwp">jov</journal-id>
			<journal-id journal-id-type="publisher-id">JOVI</journal-id>
			<journal-title-group>
				<journal-title>Journal of Vision</journal-title>
			</journal-title-group>
			<issn pub-type="epub">1534-7362</issn>
			<publisher>
				<publisher-name>Association for Research in Vision and Ophthalmology</publisher-name>
			</publisher>
		</journal-meta>
		<article-meta>
			<article-id pub-id-type="doi">10.1167/jov.23.15.28</article-id>
			<article-id pub-id-type="manuscript">Talks_28</article-id>
			<article-categories>
				<subj-group subj-group-type="category">
					<subject>Poster Session I</subject>
				</subj-group>
			</article-categories>
			<title-group>
				<article-title>Poster Session I: Combining spatial and quantitative models to account for the relationship between luminance, context and brightness</article-title>
			</title-group>
			<contrib-group>
                          
				<contrib contrib-type="author">
					<name>
						<surname>Vincent</surname>
						<given-names>Joris</given-names>
					</name>
                                        
					<xref ref-type="aff" rid="aff1"><sup>1</sup></xref>


				</contrib>



				<contrib contrib-type="author">
					<name>
						<surname>Maertens</surname>
						<given-names>Marianne</given-names>
					</name>
                                        
					<xref ref-type="aff" rid="aff1"><sup>1</sup></xref>


				</contrib>




                          
				<aff id="aff1">
					<label><sup>1</sup></label>
					<institution>Technische Universität Berlin</institution>
				</aff>


			</contrib-group>
			<pub-date pub-type="ppub"><month>12</month>
				<year>2023</year>
			</pub-date>
			<pub-date pub-type="epub"><month>12</month>
				<year>2023</year>
			</pub-date>
						<volume>23</volume>
						<issue>15</issue>
						<fpage>28</fpage>
						<lpage>28</lpage>
			<permissions>
				<license license-type="cc-by-nc-nd" xlink:href="http://creativecommons.org/licenses/by-nc-nd/4.0/">
					<license-p>This work is licensed under a Creative Commons Attribution-NonCommercial-NoDerivatives 4.0 International License.</license-p>
				</license>
			</permissions>
			<abstract>
				<p>The apparent brightness of a target region is determined not only by its local luminance, but also by its surrounding context. This is well demonstrated by the many illusions where some surround context causes two physically identical targets to appear different in brightness (e.g. White&#39;s (1979) illusion). Here we use perceptual scales from Maximum Likelihood Conjoint Measurements to test the predictive power of computational brightness models as a function of surround context and local luminance. While the qualitative relationship between target brightness and surround context (i.e. direction of effect) is captured well by image-computable models of the spatial filtering type (e.g. Blakeslee and McCourt, 1997), these do not predict the quantitative aspects of that relationship (i.e. magnitude of effect). A different class of models (e.g. Whittle, 1992) makes quantitative predictions of brightness as a function of luminance, but requires labeling of target and background (i.e., is not image-computable), thus cannot by itself account for the spatial context. Hence we combine Whittle’s model with spatial mechanisms to account for both spatial context and local luminance. A combined model using multiscale spatial filtering and calculating brightness at every spatial scale is able to provide both a correct qualitative prediction of direction of effect, as well as a quantitative prediction of apparent brightness that can be tested against perceptual scales for different stimuli.</p>
			</abstract>
		</article-meta>
	</front>
	<back>
                
               <fn-group>
			<fn>
				<p>Funding: Funding: German Research Foundation DFG MA5127/5-1 to M. Maertens</p>
			</fn>
		</fn-group>

	</back>
</article>