<?xml version="1.0"?><!DOCTYPE article PUBLIC "-//NLM//DTD JATS (Z39.96) Journal Publishing DTD v1.0 20120330//EN" "http://jats.nlm.nih.gov/publishing/1.0/JATS-journalpublishing1.dtd">
<article xmlns:mml="http://www.w3.org/1998/Math/MathML" xmlns:xlink="http://www.w3.org/1999/xlink" article-type="Optica Fall Vision Meeting Abstract">
	<front>
		<journal-meta>
			<journal-id journal-id-type="hwp">jov</journal-id>
			<journal-id journal-id-type="publisher-id">JOVI</journal-id>
			<journal-title-group>
				<journal-title>Journal of Vision</journal-title>
			</journal-title-group>
			<issn pub-type="epub">1534-7362</issn>
			<publisher>
				<publisher-name>Association for Research in Vision and Ophthalmology</publisher-name>
			</publisher>
		</journal-meta>
		<article-meta>
			<article-id pub-id-type="doi">10.1167/jov.23.15.47</article-id>
			<article-id pub-id-type="manuscript">Talks_47</article-id>
			<article-categories>
				<subj-group subj-group-type="category">
					<subject>Poster Session II</subject>
				</subj-group>
			</article-categories>
			<title-group>
				<article-title>Poster Session II: Alternating orientation of the chromatic pattern VEP improves signal even in the absence of contrast adaptation</article-title>
			</title-group>
			<contrib-group>
                          
				<contrib contrib-type="author">
					<name>
						<surname>Ara</surname>
						<given-names>Jawshan</given-names>
					</name>
                                        
					<xref ref-type="aff" rid="aff1"><sup>1</sup></xref>


				</contrib>



				<contrib contrib-type="author">
					<name>
						<surname>Kavcar</surname>
						<given-names>Osman</given-names>
					</name>
                                        
					<xref ref-type="aff" rid="aff2"><sup>2</sup></xref>


				</contrib>



				<contrib contrib-type="author">
					<name>
						<surname>Wise</surname>
						<given-names>Mackenzie V.</given-names>
					</name>
                                        
					<xref ref-type="aff" rid="aff3"><sup>3</sup></xref>


				</contrib>



				<contrib contrib-type="author">
					<name>
						<surname>Tavakkoli</surname>
						<given-names>Alireza</given-names>
					</name>
                                        
					<xref ref-type="aff" rid="aff4"><sup>4</sup></xref>


				</contrib>



				<contrib contrib-type="author">
					<name>
						<surname>Crognale</surname>
						<given-names>Michael A. </given-names>
					</name>
                                        
					<xref ref-type="aff" rid="aff5"><sup>5</sup></xref>


				</contrib>




                          
				<aff id="aff1">
					<label><sup>1</sup></label>
					<institution>Integrative Neuroscience Program, University of Nevada Reno, Nevada, 89557, USA, Department of Psychology, University of Nevada Reno, Nevada, 89557, USA, and, Department of Computer Science, University of Nevada Reno, Nevada, 89557, USA</institution>
				</aff>


				<aff id="aff2">
					<label><sup>2</sup></label>
					<institution>Integrative Neuroscience Program, University of Nevada Reno, Nevada, 89557, USA, and, Department of Psychology, University of Nevada Reno, Nevada, 89557, USA</institution>
				</aff>


				<aff id="aff3">
					<label><sup>3</sup></label>
					<institution>Department of Psychology, University of Nevada Reno, Nevada, 89557, USA</institution>
				</aff>


				<aff id="aff4">
					<label><sup>4</sup></label>
					<institution>Department of Computer Science, University of Nevada Reno, Nevada, 89557, USA, and Integrative Neuroscience Program, University of Nevada Reno, Nevada, 89557, USA</institution>
				</aff>


				<aff id="aff5">
					<label><sup>5</sup></label>
					<institution>Department of Psychology, University of Nevada Reno, Nevada, 89557, USA, and, Integrative Neuroscience Program, University of Nevada Reno, Nevada, 89557, USA</institution>
				</aff>


			</contrib-group>
			<pub-date pub-type="ppub"><month>12</month>
				<year>2023</year>
			</pub-date>
			<pub-date pub-type="epub"><month>12</month>
				<year>2023</year>
			</pub-date>
						<volume>23</volume>
						<issue>15</issue>
						<fpage>47</fpage>
						<lpage>47</lpage>
			<permissions>
				<license license-type="cc-by-nc-nd" xlink:href="http://creativecommons.org/licenses/by-nc-nd/4.0/">
					<license-p>This work is licensed under a Creative Commons Attribution-NonCommercial-NoDerivatives 4.0 International License.</license-p>
				</license>
			</permissions>
			<abstract>
				<p>The visual evoked potential (VEP) to chromatic pattern reversal is greatly reduced compared to VEPs to pattern onsets. Chromatic pattern onsets produce large and stereotypical waveforms that reliably differ from standard achromatic pattern reversal VEP waveforms used in clinical applications. Rapid contrast adaptation for sustained chromatic but not transient achromatic mechanisms has been suggested as one explanation for these observations. Here we first examined changes in the magnitude of response during recordings to reversing and onset grating patterns that preferentially modulate the L-M, S, and achromatic pathways. Given the evidence for both chromatic and achromatic orientation-selective mechanisms, we then hypothesized that contrast adaptation may be reduced by changing the orientation of the pattern for each reversal or onset. VEPs were recorded for 60 s with 2 onsets/reversals per second using both fixed and alternating (horizontal/vertical) orientations. FFT amplitudes for 6-second windows did not reveal evidence of adaptation for chromatic or achromatic onsets or reversal patterns over the 60-second recording period. Despite this, alternating pattern orientation increased the signal for all chromatic but not achromatic conditions. Although alternating the orientation for reversals increased the signal, the onset responses were still larger, even for non-alternating orientations. Mechanisms other than contrast adaptation must be invoked to explain the results.</p>
			</abstract>
		</article-meta>
	</front>
	<back>
                
               <fn-group>
			<fn>
				<p>Funding: Funding: None</p>
			</fn>
		</fn-group>

	</back>
</article>