<?xml version="1.0"?><!DOCTYPE article PUBLIC "-//NLM//DTD JATS (Z39.96) Journal Publishing DTD v1.0 20120330//EN" "http://jats.nlm.nih.gov/publishing/1.0/JATS-journalpublishing1.dtd">
<article xmlns:mml="http://www.w3.org/1998/Math/MathML" xmlns:xlink="http://www.w3.org/1999/xlink" article-type="Optica Fall Vision Meeting Abstract">
	<front>
		<journal-meta>
			<journal-id journal-id-type="hwp">jov</journal-id>
			<journal-id journal-id-type="publisher-id">JOVI</journal-id>
			<journal-title-group>
				<journal-title>Journal of Vision</journal-title>
			</journal-title-group>
			<issn pub-type="epub">1534-7362</issn>
			<publisher>
				<publisher-name>Association for Research in Vision and Ophthalmology</publisher-name>
			</publisher>
		</journal-meta>
		<article-meta>
			<article-id pub-id-type="doi">10.1167/jov.23.15.67</article-id>
			<article-id pub-id-type="manuscript">Talks_67</article-id>
			<article-categories>
				<subj-group subj-group-type="category">
					<subject>Poster Session II</subject>
				</subj-group>
			</article-categories>
			<title-group>
				<article-title>Poster Session II: Can a drug for liver disease be used to treat Age-Related Macular Degeneration?</article-title>
			</title-group>
			<contrib-group>
                          
				<contrib contrib-type="author">
					<name>
						<surname>Pandey</surname>
						<given-names>Kriti</given-names>
					</name>
                                        
					<xref ref-type="aff" rid="aff1"><sup>1</sup></xref>


				</contrib>



				<contrib contrib-type="author">
					<name>
						<surname>Hass</surname>
						<given-names>Daniel T</given-names>
					</name>
                                        
					<xref ref-type="aff" rid="aff1"><sup>1</sup></xref>


				</contrib>



				<contrib contrib-type="author">
					<name>
						<surname>Lim</surname>
						<given-names>Rayne R</given-names>
					</name>
                                        
					<xref ref-type="aff" rid="aff2"><sup>2</sup></xref>


				</contrib>



				<contrib contrib-type="author">
					<name>
						<surname>Horton</surname>
						<given-names>Noah</given-names>
					</name>
                                        
					<xref ref-type="aff" rid="aff1"><sup>1</sup></xref>


				</contrib>



				<contrib contrib-type="author">
					<name>
						<surname>Chao</surname>
						<given-names>Jennifer R</given-names>
					</name>
                                        
					<xref ref-type="aff" rid="aff2"><sup>2</sup></xref>


				</contrib>



				<contrib contrib-type="author">
					<name>
						<surname>Hurley</surname>
						<given-names>James B</given-names>
					</name>
                                        
				</contrib>




                          
				<aff id="aff1">
					<label><sup>1</sup></label>
					<institution>Department of Biochemistry, University of Washington</institution>
				</aff>


				<aff id="aff2">
					<label><sup>2</sup></label>
					<institution>Department of Ophthalmology, University of Washington</institution>
				</aff>


			</contrib-group>
			<pub-date pub-type="ppub"><month>12</month>
				<year>2023</year>
			</pub-date>
			<pub-date pub-type="epub"><month>12</month>
				<year>2023</year>
			</pub-date>
						<volume>23</volume>
						<issue>15</issue>
						<fpage>67</fpage>
						<lpage>67</lpage>
			<permissions>
				<license license-type="cc-by-nc-nd" xlink:href="http://creativecommons.org/licenses/by-nc-nd/4.0/">
					<license-p>This work is licensed under a Creative Commons Attribution-NonCommercial-NoDerivatives 4.0 International License.</license-p>
				</license>
			</permissions>
			<abstract>
				<p>Age-related macular degeneration (AMD) is one of the most common degenerative eye diseases among the older population. One of the primary pathological features of AMD is the accumulation of fatty deposits known as drusen between the retinal pigment epithelium (RPE) and Bruch’s membrane in the eye. Few options exist that can slow AMD-associated retinal degeneration. One may be to enhance the RPE’s ability to oxidize fatty acids to delay or prevent drusen accumulation. Firsocostat is a small molecule that increases fatty acid oxidation in the liver. We determined the ability of Firsocostat to increase fatty acid oxidation and to decrease lipid contents in human induced pluripotent stem cells (iPSC) differentiated into RPE. In iPSC-RPE, firsocostat boosts fatty acid oxidation, remodels lipid profiles, and reduces apolipoprotein release. These data suggest that firsocostat may alleviate a pathological increase in drusen deposits and can help to preserve vision in AMD patients. </p>
			</abstract>
		</article-meta>
	</front>
	<back>
                
               <fn-group>
			<fn>
				<p>Funding: Funding: D.T.H is supported by a Brightfocus Foundation Postdoctoral Fellowship (M2022003F). J.B.H is supported by NEI RO1EY06641, RO1EY017863 and R21032597 and Foundation Fighting Blindness TA-NMT-0522-0826-UWA-TRAP.</p>
			</fn>
		</fn-group>

	</back>
</article>