<?xml version="1.0"?><!DOCTYPE article PUBLIC "-//NLM//DTD JATS (Z39.96) Journal Publishing DTD v1.0 20120330//EN" "http://jats.nlm.nih.gov/publishing/1.0/JATS-journalpublishing1.dtd">
<article xmlns:mml="http://www.w3.org/1998/Math/MathML" xmlns:xlink="http://www.w3.org/1999/xlink" article-type="Optica Fall Vision Meeting Abstract">
	<front>
		<journal-meta>
			<journal-id journal-id-type="hwp">jov</journal-id>
			<journal-id journal-id-type="publisher-id">JOVI</journal-id>
			<journal-title-group>
				<journal-title>Journal of Vision</journal-title>
			</journal-title-group>
			<issn pub-type="epub">1534-7362</issn>
			<publisher>
				<publisher-name>Association for Research in Vision and Ophthalmology</publisher-name>
			</publisher>
		</journal-meta>
		<article-meta>
			<article-id pub-id-type="doi">10.1167/jov.23.15.84</article-id>
			<article-id pub-id-type="manuscript">Talks_84</article-id>
			<article-categories>
				<subj-group subj-group-type="category">
					<subject>Contributed Session III</subject>
				</subj-group>
			</article-categories>
			<title-group>
				<article-title>Contributed Session III: Active vision shapes ocular dominance</article-title>
			</title-group>
			<contrib-group>
                          
				<contrib contrib-type="author">
					<name>
						<surname>Binda</surname>
						<given-names>Paola</given-names>
					</name>
                                        
					<xref ref-type="aff" rid="aff1"><sup>1</sup></xref>


				</contrib>



				<contrib contrib-type="author">
					<name>
						<surname>Steinwurzel</surname>
						<given-names>Cecilia</given-names>
					</name>
                                        
					<xref ref-type="aff" rid="aff1"><sup>1</sup></xref>


				</contrib>



				<contrib contrib-type="author">
					<name>
						<surname>Acquafredda</surname>
						<given-names>Miriam</given-names>
					</name>
                                        
					<xref ref-type="aff" rid="aff1"><sup>1</sup></xref>


				</contrib>



				<contrib contrib-type="author">
					<name>
						<surname>Sandini</surname>
						<given-names>Giulio</given-names>
					</name>
                                        
					<xref ref-type="aff" rid="aff2"><sup>2</sup></xref>


				</contrib>



				<contrib contrib-type="author">
					<name>
						<surname>Morrone</surname>
						<given-names>Maria Concetta</given-names>
					</name>
                                        
					<xref ref-type="aff" rid="aff1"><sup>1</sup></xref>


				</contrib>




                          
				<aff id="aff1">
					<label><sup>1</sup></label>
					<institution>Department of Translational Research and New Technologies in Medicine, University of Pisa</institution>
				</aff>


				<aff id="aff2">
					<label><sup>2</sup></label>
					<institution>Robotics Brain and Cognitive Sciences, Istituto Italiano di Tecnologia</institution>
				</aff>


			</contrib-group>
			<pub-date pub-type="ppub"><month>12</month>
				<year>2023</year>
			</pub-date>
			<pub-date pub-type="epub"><month>12</month>
				<year>2023</year>
			</pub-date>
						<volume>23</volume>
						<issue>15</issue>
						<fpage>84</fpage>
						<lpage>84</lpage>
			<permissions>
				<license license-type="cc-by-nc-nd" xlink:href="http://creativecommons.org/licenses/by-nc-nd/4.0/">
					<license-p>This work is licensed under a Creative Commons Attribution-NonCommercial-NoDerivatives 4.0 International License.</license-p>
				</license>
			</permissions>
			<abstract>
				<p>Ocular dominance is a basic visual property that shows short-term plasticity in adult humans, where 2h of monocular deprivation leads to a homeostatic shift of ocular dominance in favour of the deprived eye. Using an altered reality setting, we found that this homeostatic plasticity can be triggered without depriving one eye of visual input, but merely perturbing the temporal correspondence between voluntary actions and vision in one eye. Participants wore a VR set; its monocular screens were connected with cameras monitoring the front space, which participants used to perform a complex visuomotor task. During a 60 minute period, the input to the dominant eye was delayed by 333 ms, making it useless for visuomotor coordination. Following this, ocular dominance (quantified by binocular rivalry) was systematically shifted in favour of the delayed eye, a similar effect as that produced by monocular contrast-deprivation. The shift was only observed when participants actively engaged in the visuomotor task, not when they passively watched a confederate perform the same task. We interpret these results in the light of parallel fMRI experiments where monocular deprivation is associated with a global system reconfiguration that pivots around a key area for sensorimotor integration, the Pulvinar. Based on our findings, we suggest that active vision is foundational to weighting sensory information, even at the level of simple visual processes as those setting ocular dominance. </p>
			</abstract>
		</article-meta>
	</front>
	<back>
                
               <fn-group>
			<fn>
				<p>Funding: Funding: This project has received funding from the European Research Council (ERC) under the European Union’s Horizon 2020 research and innovation programme, grant n. 801715 (PUPILTRAITS) and n. 832813 (GenPercept) and by the Italian Ministry of University and Research under the PRIN2017 programme (grant MISMATCH and 2017SBCPZY) and FARE-2 (grant SMILY). </p>
			</fn>
		</fn-group>

	</back>
</article>