<?xml version="1.0"?><!DOCTYPE article PUBLIC "-//NLM//DTD JATS (Z39.96) Journal Publishing DTD v1.0 20120330//EN" "http://jats.nlm.nih.gov/publishing/1.0/JATS-journalpublishing1.dtd">
<article xmlns:mml="http://www.w3.org/1998/Math/MathML" xmlns:xlink="http://www.w3.org/1999/xlink" article-type="Optica Fall Vision Meeting Abstract">
	<front>
		<journal-meta>
			<journal-id journal-id-type="hwp">jov</journal-id>
			<journal-id journal-id-type="publisher-id">JOVI</journal-id>
			<journal-title-group>
				<journal-title>Journal of Vision</journal-title>
			</journal-title-group>
			<issn pub-type="epub">1534-7362</issn>
			<publisher>
				<publisher-name>Association for Research in Vision and Ophthalmology</publisher-name>
			</publisher>
		</journal-meta>
		<article-meta>
			<article-id pub-id-type="doi">10.1167/jov.23.15.75</article-id>
			<article-id pub-id-type="manuscript">Talks_75</article-id>
			<article-categories>
				<subj-group subj-group-type="category">
					<subject>Contributed Session II</subject>
				</subj-group>
			</article-categories>
			<title-group>
				<article-title>Contributed Session II: The relationship between temporal summation at detection threshold and fixational eye movements</article-title>
			</title-group>
			<contrib-group>
                          
				<contrib contrib-type="author">
					<name>
						<surname>Hexley</surname>
						<given-names>Allie C.</given-names>
					</name>
                                        
					<xref ref-type="aff" rid="aff1"><sup>1</sup></xref>


				</contrib>



				<contrib contrib-type="author">
					<name>
						<surname>Young</surname>
						<given-names>Laura K.</given-names>
					</name>
                                        
					<xref ref-type="aff" rid="aff2"><sup>2</sup></xref>


				</contrib>



				<contrib contrib-type="author">
					<name>
						<surname>Brainard</surname>
						<given-names>David H.</given-names>
					</name>
                                        
					<xref ref-type="aff" rid="aff3"><sup>3</sup></xref>


				</contrib>



				<contrib contrib-type="author">
					<name>
						<surname>Roorda</surname>
						<given-names>Austin</given-names>
					</name>
                                        
					<xref ref-type="aff" rid="aff4"><sup>4</sup></xref>


				</contrib>



				<contrib contrib-type="author">
					<name>
						<surname>Tuten</surname>
						<given-names>William S.</given-names>
					</name>
                                        
					<xref ref-type="aff" rid="aff4"><sup>4</sup></xref>


				</contrib>



				<contrib contrib-type="author">
					<name>
						<surname>Smithson</surname>
						<given-names>Hannah E.</given-names>
					</name>
                                        
					<xref ref-type="aff" rid="aff1"><sup>1</sup></xref>


				</contrib>




                          
				<aff id="aff1">
					<label><sup>1</sup></label>
					<institution>Department of Experimental Psychology, University of Oxford</institution>
				</aff>


				<aff id="aff2">
					<label><sup>2</sup></label>
					<institution>Biosciences Institute, Newcastle University</institution>
				</aff>


				<aff id="aff3">
					<label><sup>3</sup></label>
					<institution>Department of Psychology, University of Pennsylvania</institution>
				</aff>


				<aff id="aff4">
					<label><sup>4</sup></label>
					<institution>Department of Optometry, University of California, Berkeley</institution>
				</aff>


			</contrib-group>
			<pub-date pub-type="ppub"><month>12</month>
				<year>2023</year>
			</pub-date>
			<pub-date pub-type="epub"><month>12</month>
				<year>2023</year>
			</pub-date>
						<volume>23</volume>
						<issue>15</issue>
						<fpage>75</fpage>
						<lpage>75</lpage>
			<permissions>
				<license license-type="cc-by-nc-nd" xlink:href="http://creativecommons.org/licenses/by-nc-nd/4.0/">
					<license-p>This work is licensed under a Creative Commons Attribution-NonCommercial-NoDerivatives 4.0 International License.</license-p>
				</license>
			</permissions>
			<abstract>
				<p>We studied the relationship between the threshold temporal summation of increment pulses and fixational eye-movements. Six participants completed a 2AFC increment detection task. Stimuli were 0.16 x 2.2 arcmin increments of 543 nm light presented via an AOSLO with a 60 Hz frame rate. Stimuli for temporal integration were two single frame presentations with a 16 ms (consecutive frames), 33 ms, 100 ms, or 300 ms inter-stimulus interval (ISI). Data were also collected for increments presented on a single frame. Stimuli were presented in either world-fixed coordinates (natural retinal image motion) or were stabilised on the retina. There were large differences in overall sensitivity across individuals, but the time-course of performance change with ISI was similar across participants. Thresholds for ISI=33 ms were close to performance with two consecutive frames, suggesting complete summation of light energy; whereas thresholds for ISI=300 ms were closer to the single-frame case, suggesting limited summation; and thresholds for ISI=100 ms were intermediate, suggesting residual summation. The effect of ISI on threshold was similar for stabilised stimuli and natural viewing, but there was a small trend towards lower thresholds for stabilised stimuli at short ISI and vice-versa at long ISI. We plan to present our results in the context of an ideal observer calculation that may clarify how the initial visual encoding, including temporal summation within cones, shapes performance.</p>
			</abstract>
		</article-meta>
	</front>
	<back>
                
               <fn-group>
			<fn>
				<p>Funding: Funding: UKRI/Wellcome Physics of Life; EP/W023873/1; National Institutes of Health R01EY023591; AFOSR FA9550-21-1-0230; Hellman Fellows Program; </p>
			</fn>
		</fn-group>

	</back>
</article>