<?xml version="1.0"?><!DOCTYPE article PUBLIC "-//NLM//DTD JATS (Z39.96) Journal Publishing DTD v1.0 20120330//EN" "http://jats.nlm.nih.gov/publishing/1.0/JATS-journalpublishing1.dtd">
<article xmlns:mml="http://www.w3.org/1998/Math/MathML" xmlns:xlink="http://www.w3.org/1999/xlink" article-type="Optica Fall Vision Meeting Abstract">
	<front>
		<journal-meta>
			<journal-id journal-id-type="hwp">jov</journal-id>
			<journal-id journal-id-type="publisher-id">JOVI</journal-id>
			<journal-title-group>
				<journal-title>Journal of Vision</journal-title>
			</journal-title-group>
			<issn pub-type="epub">1534-7362</issn>
			<publisher>
				<publisher-name>Association for Research in Vision and Ophthalmology</publisher-name>
			</publisher>
		</journal-meta>
		<article-meta>
			<article-id pub-id-type="doi">10.1167/jov.23.15.15</article-id>
			<article-id pub-id-type="manuscript">Talks_15</article-id>
			<article-categories>
				<subj-group subj-group-type="category">
					<subject>Invited Session IV: Extended reality--applications in vision science and beyond</subject>
				</subj-group>
			</article-categories>
			<title-group>
				<article-title>Invited Session IV: Extended reality--applications in vision science and beyond: Improving augmented reality through perceptual science</article-title>
			</title-group>
			<contrib-group>
                          
				<contrib contrib-type="author">
					<name>
						<surname>Cooper</surname>
						<given-names>Emily</given-names>
					</name>
                                        
					<xref ref-type="aff" rid="aff1"><sup>1</sup></xref>


				</contrib>




                          
				<aff id="aff1">
					<label><sup>1</sup></label>
					<institution>University of California, Berkeley</institution>
				</aff>


			</contrib-group>
			<pub-date pub-type="ppub"><month>12</month>
				<year>2023</year>
			</pub-date>
			<pub-date pub-type="epub"><month>12</month>
				<year>2023</year>
			</pub-date>
						<volume>23</volume>
						<issue>15</issue>
						<fpage>15</fpage>
						<lpage>15</lpage>
			<permissions>
				<license license-type="cc-by-nc-nd" xlink:href="http://creativecommons.org/licenses/by-nc-nd/4.0/">
					<license-p>This work is licensed under a Creative Commons Attribution-NonCommercial-NoDerivatives 4.0 International License.</license-p>
				</license>
			</permissions>
			<abstract>
				<p>Augmented reality (AR) systems make it possible to present visual stimuli that intermix and interact with people’s view of the natural world. But building an AR system that merges stimuli with our natural visual experience is hard. AR systems often suffer from technical and visual limitations, such as small eyeboxes, limited brightness, and narrow visual field coverage. An integral part of AR system development, therefore, is perceptual research that improves our understanding of when and why these limitations matter. I will describe a suite of perceptual studies designed to provide guidance for engineers on the visibility and appearance of wearable optical see-through AR displays. Our results highlight the idiosyncrasies of how our visual system integrates information from the two eyes, the multifaceted nature of perceptual phenomena in AR, and the trade-offs that are currently necessary to create an AR system that is both wearable and compelling. </p>
			</abstract>
		</article-meta>
	</front>
	<back>
                
               <fn-group>
			<fn>
				<p>Funding: Funding: None</p>
			</fn>
		</fn-group>

	</back>
</article>