<?xml version="1.0"?><!DOCTYPE article PUBLIC "-//NLM//DTD JATS (Z39.96) Journal Publishing DTD v1.0 20120330//EN" "http://jats.nlm.nih.gov/publishing/1.0/JATS-journalpublishing1.dtd">
<article xmlns:mml="http://www.w3.org/1998/Math/MathML" xmlns:xlink="http://www.w3.org/1999/xlink" article-type="Optica Fall Vision Meeting Abstract">
	<front>
		<journal-meta>
			<journal-id journal-id-type="hwp">jov</journal-id>
			<journal-id journal-id-type="publisher-id">JOVI</journal-id>
			<journal-title-group>
				<journal-title>Journal of Vision</journal-title>
			</journal-title-group>
			<issn pub-type="epub">1534-7362</issn>
			<publisher>
				<publisher-name>Association for Research in Vision and Ophthalmology</publisher-name>
			</publisher>
		</journal-meta>
		<article-meta>
			<article-id pub-id-type="doi">10.1167/jov.23.15.30</article-id>
			<article-id pub-id-type="manuscript">Talks_30</article-id>
			<article-categories>
				<subj-group subj-group-type="category">
					<subject>Poster Session I</subject>
				</subj-group>
			</article-categories>
			<title-group>
				<article-title>Poster Session I: Binocular contrast integration: Cortical and behavioral signals reflect different computations</article-title>
			</title-group>
			<contrib-group>
                          
				<contrib contrib-type="author">
					<name>
						<surname>Meier</surname>
						<given-names>Kimberly</given-names>
					</name>
                                        
					<xref ref-type="aff" rid="aff1"><sup>1</sup></xref>


				</contrib>



				<contrib contrib-type="author">
					<name>
						<surname>Pettet</surname>
						<given-names>Mark</given-names>
					</name>
                                        
					<xref ref-type="aff" rid="aff1"><sup>1</sup></xref>


				</contrib>



				<contrib contrib-type="author">
					<name>
						<surname>Garrison</surname>
						<given-names>Taylor</given-names>
					</name>
                                        
					<xref ref-type="aff" rid="aff1"><sup>1</sup></xref>


				</contrib>



				<contrib contrib-type="author">
					<name>
						<surname>Tarczy-Hornoch</surname>
						<given-names>Kristina</given-names>
					</name>
                                        
					<xref ref-type="aff" rid="aff2"><sup>2</sup></xref>


				</contrib>



				<contrib contrib-type="author">
					<name>
						<surname>Boynton</surname>
						<given-names>Geoffrey M.</given-names>
					</name>
                                        
					<xref ref-type="aff" rid="aff1"><sup>1</sup></xref>


				</contrib>



				<contrib contrib-type="author">
					<name>
						<surname>Fine</surname>
						<given-names>Ione</given-names>
					</name>
                                        
					<xref ref-type="aff" rid="aff1"><sup>1</sup></xref>


				</contrib>




                          
				<aff id="aff1">
					<label><sup>1</sup></label>
					<institution>Department of Psychology, University of Washington</institution>
				</aff>


				<aff id="aff2">
					<label><sup>2</sup></label>
					<institution>Department of Ophthalmology, University of Washington</institution>
				</aff>


			</contrib-group>
			<pub-date pub-type="ppub"><month>12</month>
				<year>2023</year>
			</pub-date>
			<pub-date pub-type="epub"><month>12</month>
				<year>2023</year>
			</pub-date>
						<volume>23</volume>
						<issue>15</issue>
						<fpage>30</fpage>
						<lpage>30</lpage>
			<permissions>
				<license license-type="cc-by-nc-nd" xlink:href="http://creativecommons.org/licenses/by-nc-nd/4.0/">
					<license-p>This work is licensed under a Creative Commons Attribution-NonCommercial-NoDerivatives 4.0 International License.</license-p>
				</license>
			</permissions>
			<abstract>
				<p>Purpose: Although binocular contrast perception under dichoptic viewing conditions has been extensively characterized behaviorally, little is known about how the signals from each eye are combined in cortex.  Here we compared simultaneously-collected behavioral and EEG measures of dichoptic contrast perception. Methods: Observers (n=16) dichoptically viewed a 2-cpd grating flickering at 7.5 Hz and rotating slowly (1º/s). The contrast of the grating shown to each eye modulated sinusoidally over time at independent rates (1/6 and 1/8 Hz). We recorded EEG activity while observers positioned a joystick lever to report perceived contrast as it changed over time. Analysis: A multiband filter was used to isolate the SSVEP responses to 7.5 Hz signals from electrode Oz (occipital pole), and the standard deviation of this signal provided a measure of neural response amplitude as a function of contrast. Results: A simple model was fit to VEP and behavioral responses, [(L^m+R^m)/2]^(1/m)], which essentially characterized whether responses were better fit by a mean (m≈1) or a max (m&gt;1) model. VEP responses (m = 1.0; MSE = 0.013) were well fit by a mean model, suggesting the EEG signal may have been driven by the input layers of V1. In contrast, behavioral responses (m = 8.8; MSE = 0.011) were well fit by a model that was heavily shifted towards a max model, suggesting a significant non-linear transformation of the contrast signal between the input layers of V1 and conscious perception.</p>
			</abstract>
		</article-meta>
	</front>
	<back>
                
               <fn-group>
			<fn>
				<p>Funding: Funding: Knights Templar Eye Foundation, Research to Prevent Blindness, Unrestricted grant from Research to Prevent Blindness to UW Department of Ophthalmology</p>
			</fn>
		</fn-group>

	</back>
</article>