<?xml version="1.0"?><!DOCTYPE article PUBLIC "-//NLM//DTD JATS (Z39.96) Journal Publishing DTD v1.0 20120330//EN" "http://jats.nlm.nih.gov/publishing/1.0/JATS-journalpublishing1.dtd">
<article xmlns:mml="http://www.w3.org/1998/Math/MathML" xmlns:xlink="http://www.w3.org/1999/xlink" article-type="Optica Fall Vision Meeting Abstract">
	<front>
		<journal-meta>
			<journal-id journal-id-type="hwp">jov</journal-id>
			<journal-id journal-id-type="publisher-id">JOVI</journal-id>
			<journal-title-group>
				<journal-title>Journal of Vision</journal-title>
			</journal-title-group>
			<issn pub-type="epub">1534-7362</issn>
			<publisher>
				<publisher-name>Association for Research in Vision and Ophthalmology</publisher-name>
			</publisher>
		</journal-meta>
		<article-meta>
			<article-id pub-id-type="doi">10.1167/jov.23.15.19</article-id>
			<article-id pub-id-type="manuscript">Talks_19</article-id>
			<article-categories>
				<subj-group subj-group-type="category">
					<subject>Invited Session V: Binocular vision and interactions</subject>
				</subj-group>
			</article-categories>
			<title-group>
				<article-title>Invited Session V: Binocular vision and interactions: Depth perception in virtual environments: The role of experience</article-title>
			</title-group>
			<contrib-group>
                          
				<contrib contrib-type="author">
					<name>
						<surname>Wilcox</surname>
						<given-names>Laurie</given-names>
					</name>
                                        
					<xref ref-type="aff" rid="aff1"><sup>1</sup></xref>


				</contrib>




                          
				<aff id="aff1">
					<label><sup>1</sup></label>
					<institution>Centre for Vision Research, York University</institution>
				</aff>


			</contrib-group>
			<pub-date pub-type="ppub"><month>12</month>
				<year>2023</year>
			</pub-date>
			<pub-date pub-type="epub"><month>12</month>
				<year>2023</year>
			</pub-date>
						<volume>23</volume>
						<issue>15</issue>
						<fpage>19</fpage>
						<lpage>19</lpage>
			<permissions>
				<license license-type="cc-by-nc-nd" xlink:href="http://creativecommons.org/licenses/by-nc-nd/4.0/">
					<license-p>This work is licensed under a Creative Commons Attribution-NonCommercial-NoDerivatives 4.0 International License.</license-p>
				</license>
			</permissions>
			<abstract>
				<p>In this presentation I’ll review results of stereoacuity, disparity matching and depth magnitude estimation studies in which comparison of so-called naïve and experienced observers shows substantive differences in performance. I will describe our working theory that the critical difference between these groups is their tolerance to conflicts between stereopsis and other sources of depth information. Further, I will review some recent data that suggest there are some conflicts that even experienced 3D participants cannot disregard.</p>
			</abstract>
		</article-meta>
	</front>
	<back>
                
               <fn-group>
			<fn>
				<p>Funding: Funding: Natural Science and Engineering Council of Canada</p>
			</fn>
		</fn-group>

	</back>
</article>