<?xml version="1.0"?><!DOCTYPE article PUBLIC "-//NLM//DTD JATS (Z39.96) Journal Publishing DTD v1.0 20120330//EN" "http://jats.nlm.nih.gov/publishing/1.0/JATS-journalpublishing1.dtd">
<article xmlns:mml="http://www.w3.org/1998/Math/MathML" xmlns:xlink="http://www.w3.org/1999/xlink" article-type="Optica Fall Vision Meeting Abstract">
	<front>
		<journal-meta>
			<journal-id journal-id-type="hwp">jov</journal-id>
			<journal-id journal-id-type="publisher-id">JOVI</journal-id>
			<journal-title-group>
				<journal-title>Journal of Vision</journal-title>
			</journal-title-group>
			<issn pub-type="epub">1534-7362</issn>
			<publisher>
				<publisher-name>Association for Research in Vision and Ophthalmology</publisher-name>
			</publisher>
		</journal-meta>
		<article-meta>
			<article-id pub-id-type="doi">10.1167/jov.23.15.69</article-id>
			<article-id pub-id-type="manuscript">Talks_69</article-id>
			<article-categories>
				<subj-group subj-group-type="category">
					<subject>Contributed Session I</subject>
				</subj-group>
			</article-categories>
			<title-group>
				<article-title>Contributed Session I: Correlating cone structure and function in retinitis pigmentosa using coarse-scale optoretinography (CoORG)</article-title>
			</title-group>
			<contrib-group>
                          
				<contrib contrib-type="author">
					<name>
						<surname>Liu</surname>
						<given-names>Teng</given-names>
					</name>
                                        
					<xref ref-type="aff" rid="aff1"><sup>1</sup></xref>


				</contrib>



				<contrib contrib-type="author">
					<name>
						<surname>Pandiyan</surname>
						<given-names>Vimal Prabhu</given-names>
					</name>
                                        
					<xref ref-type="aff" rid="aff1"><sup>1</sup></xref>


				</contrib>



				<contrib contrib-type="author">
					<name>
						<surname>Wendel</surname>
						<given-names>Benjamin</given-names>
					</name>
                                        
					<xref ref-type="aff" rid="aff1"><sup>1</sup></xref>


				</contrib>



				<contrib contrib-type="author">
					<name>
						<surname>Slezak</surname>
						<given-names>Emily</given-names>
					</name>
                                        
					<xref ref-type="aff" rid="aff1"><sup>1</sup></xref>


				</contrib>



				<contrib contrib-type="author">
					<name>
						<surname>Mustafi</surname>
						<given-names>Debarshi</given-names>
					</name>
                                        
					<xref ref-type="aff" rid="aff1"><sup>1</sup></xref>


					<xref ref-type="aff" rid="aff2"><sup>2</sup></xref>


				</contrib>



				<contrib contrib-type="author">
					<name>
						<surname>Chao</surname>
						<given-names>Jennifer</given-names>
					</name>
                                        
					<xref ref-type="aff" rid="aff1"><sup>1</sup></xref>


				</contrib>



				<contrib contrib-type="author">
					<name>
						<surname>Sabesan</surname>
						<given-names>Ramkumar</given-names>
					</name>
                                        
					<xref ref-type="aff" rid="aff1"><sup>1</sup></xref>


				</contrib>




                          
				<aff id="aff1">
					<label><sup>1</sup></label>
					<institution>Department of Ophthalmology, University of Washington</institution>
				</aff>


				<aff id="aff2">
					<label><sup>2</sup></label>
					<institution>Seattle Children’s Hospital</institution>
				</aff>


			</contrib-group>
			<pub-date pub-type="ppub"><month>12</month>
				<year>2023</year>
			</pub-date>
			<pub-date pub-type="epub"><month>12</month>
				<year>2023</year>
			</pub-date>
						<volume>23</volume>
						<issue>15</issue>
						<fpage>69</fpage>
						<lpage>69</lpage>
			<permissions>
				<license license-type="cc-by-nc-nd" xlink:href="http://creativecommons.org/licenses/by-nc-nd/4.0/">
					<license-p>This work is licensed under a Creative Commons Attribution-NonCommercial-NoDerivatives 4.0 International License.</license-p>
				</license>
			</permissions>
			<abstract>
				<p>Optoretinography (ORG) has the potential to serve as a powerful diagnostic biomarker, owing to its sensitive and objective localization of function and dysfunction. Majority of ORG implementations employ adaptive optics (AO) for imaging activity at a cellular scale. Coarse-scale Optoretinography (CoORG), an ORG paradigm without AO, offers rapid, extended-field recordings and wider applicability in patients with retinal disease, by compromising cellular resolution. This study investigates the feasibility of CoORG in assessing cone dysfunction in patients diagnosed with retinitis pigmentosa (RP). Five RP patients aged 26 – 60 were recruited, alongside age-similar controls. The stimulus for evoking cone activity had a photon density between 15.5x10e6 - 19.7x10e6 photons/μm2, and was centered at 532 ± 5nm. Eight imaging trials per bleach were performed, allowing for 1 min. between successive trials for dark adaptation. The total experimental time for each bleach was 10-20 mins.  In RP, cone function, estimated as the change in optical path length in the outer segment in response to a stimulus, was diminished and generally lower than normal controls. This deficit was observed in areas of seemingly normal outer retinal structure. Contrary to normals, no correlation was observed between outer segment length and cone function in RP. This highlights CoORG&#39;s potential for early, sensitive detection of retinal dysfunction prior to apparent structural degradation.</p>
			</abstract>
		</article-meta>
	</front>
	<back>
                
               <fn-group>
			<fn>
				<p>Funding: Funding: NIH grants U01EY032055, EY029710, P30EY001730, Burroughs Wellcome Fund Careers at the Scientific Interfaces,  Foundation for Fighting Blindness, Unrestricted grant from the Research to Prevent Blindness</p>
			</fn>
		</fn-group>

	</back>
</article>