<?xml version="1.0"?><!DOCTYPE article PUBLIC "-//NLM//DTD JATS (Z39.96) Journal Publishing DTD v1.0 20120330//EN" "http://jats.nlm.nih.gov/publishing/1.0/JATS-journalpublishing1.dtd">
<article xmlns:mml="http://www.w3.org/1998/Math/MathML" xmlns:xlink="http://www.w3.org/1999/xlink" article-type="Optica Fall Vision Meeting Abstract">
	<front>
		<journal-meta>
			<journal-id journal-id-type="hwp">jov</journal-id>
			<journal-id journal-id-type="publisher-id">JOVI</journal-id>
			<journal-title-group>
				<journal-title>Journal of Vision</journal-title>
			</journal-title-group>
			<issn pub-type="epub">1534-7362</issn>
			<publisher>
				<publisher-name>Association for Research in Vision and Ophthalmology</publisher-name>
			</publisher>
		</journal-meta>
		<article-meta>
			<article-id pub-id-type="doi">10.1167/jov.23.15.66</article-id>
			<article-id pub-id-type="manuscript">Talks_66</article-id>
			<article-categories>
				<subj-group subj-group-type="category">
					<subject>Poster Session II</subject>
				</subj-group>
			</article-categories>
			<title-group>
				<article-title>Poster Session II: Intravitreal gene therapy in primate reaches extrafoveal cones</article-title>
			</title-group>
			<contrib-group>
                          
				<contrib contrib-type="author">
					<name>
						<surname>Bembry - Colegrove</surname>
						<given-names>Briyana</given-names>
					</name>
                                        
					<xref ref-type="aff" rid="aff1"><sup>1</sup></xref>


				</contrib>



				<contrib contrib-type="author">
					<name>
						<surname>Giarmarco</surname>
						<given-names>Michelle</given-names>
					</name>
                                        
					<xref ref-type="aff" rid="aff2"><sup>2</sup></xref>


				</contrib>



				<contrib contrib-type="author">
					<name>
						<surname>Barborek</surname>
						<given-names>Rachel</given-names>
					</name>
                                        
					<xref ref-type="aff" rid="aff2"><sup>2</sup></xref>


				</contrib>



				<contrib contrib-type="author">
					<name>
						<surname>Rowlan</surname>
						<given-names>Jessica</given-names>
					</name>
                                        
					<xref ref-type="aff" rid="aff2"><sup>2</sup></xref>


				</contrib>



				<contrib contrib-type="author">
					<name>
						<surname>Kuchenbecker</surname>
						<given-names>James</given-names>
					</name>
                                        
					<xref ref-type="aff" rid="aff2"><sup>2</sup></xref>


				</contrib>



				<contrib contrib-type="author">
					<name>
						<surname>Rezeanu</surname>
						<given-names>Dragos</given-names>
					</name>
                                        
					<xref ref-type="aff" rid="aff2"><sup>2</sup></xref>


				</contrib>



				<contrib contrib-type="author">
					<name>
						<surname>Neitz</surname>
						<given-names>Jay</given-names>
					</name>
                                        
					<xref ref-type="aff" rid="aff2"><sup>2</sup></xref>


				</contrib>



				<contrib contrib-type="author">
					<name>
						<surname>Neitz</surname>
						<given-names>Maureen</given-names>
					</name>
                                        
					<xref ref-type="aff" rid="aff2"><sup>2</sup></xref>


				</contrib>




                          
				<aff id="aff1">
					<label><sup>1</sup></label>
					<institution>Department of Ophthalmology, University of Washington</institution>
				</aff>


				<aff id="aff2">
					<label><sup>2</sup></label>
					<institution>University of Washington Department of Ophthalmology</institution>
				</aff>


			</contrib-group>
			<pub-date pub-type="ppub"><month>12</month>
				<year>2023</year>
			</pub-date>
			<pub-date pub-type="epub"><month>12</month>
				<year>2023</year>
			</pub-date>
						<volume>23</volume>
						<issue>15</issue>
						<fpage>66</fpage>
						<lpage>66</lpage>
			<permissions>
				<license license-type="cc-by-nc-nd" xlink:href="http://creativecommons.org/licenses/by-nc-nd/4.0/">
					<license-p>This work is licensed under a Creative Commons Attribution-NonCommercial-NoDerivatives 4.0 International License.</license-p>
				</license>
			</permissions>
			<abstract>
				<p>Intravitreal delivery of gene therapy vectors to the retina carries lower risk of adverse events versus subretinal injections, but efficiently targeting cones is a challenge. We used a new adeno-associated vector (AAV) to deliver genes to primate cone photoreceptors. The vector carries a cassette directing expression of an engineered 493 nm opsin to long- and middle-wavelength (L/M) cones, and was injected into the vitreous of the left eye of an adult macaque. An identical AAV carrying a fusion of the engineered opsin to green fluorescent protein (GFP) was injected into the right eye. Electroretinograms were performed on the left eye before and after injection to measure isolated 493 nm light responses; 5 weeks post-injection, response increased modestly. A central strip of the right eye was prepared for histology with cryosections; we found ~30% of cones in the fovea had been transduced, with a preference toward L/M cones (see https://iovs.arvojournals.org/article.aspx?articleid=2782955). Upon close examination of GFP in the peripheral retina, we were surprised to find extensive expression in cones across the retina. Here, we report patches of expression from the perifovea to the retinal margin which reaches ~10% of cones. Expression patches appeared stochastically, or in regions containing blood vessels or disrupted Muller cells. This demonstrates that extrafoveal expression is attainable using intravitreal injection of gene therapy vectors in an adult primate.</p>
			</abstract>
		</article-meta>
	</front>
	<back>
                
               <fn-group>
			<fn>
				<p>Funding: Funding: UW Vision Core grant NIH NEI P30-EY001730, Research to Prevent Blindness</p>
			</fn>
		</fn-group>

	</back>
</article>