<?xml version="1.0"?><!DOCTYPE article PUBLIC "-//NLM//DTD JATS (Z39.96) Journal Publishing DTD v1.0 20120330//EN" "http://jats.nlm.nih.gov/publishing/1.0/JATS-journalpublishing1.dtd">
<article xmlns:mml="http://www.w3.org/1998/Math/MathML" xmlns:xlink="http://www.w3.org/1999/xlink" article-type="Optica Fall Vision Meeting Abstract">
	<front>
		<journal-meta>
			<journal-id journal-id-type="hwp">jov</journal-id>
			<journal-id journal-id-type="publisher-id">JOVI</journal-id>
			<journal-title-group>
				<journal-title>Journal of Vision</journal-title>
			</journal-title-group>
			<issn pub-type="epub">1534-7362</issn>
			<publisher>
				<publisher-name>Association for Research in Vision and Ophthalmology</publisher-name>
			</publisher>
		</journal-meta>
		<article-meta>
			<article-id pub-id-type="doi">10.1167/jov.23.15.55</article-id>
			<article-id pub-id-type="manuscript">Talks_55</article-id>
			<article-categories>
				<subj-group subj-group-type="category">
					<subject>Poster Session II</subject>
				</subj-group>
			</article-categories>
			<title-group>
				<article-title>Poster Session II: Kandinsky was right: Few do “express bright yellow in the bass notes, or dark lake in the treble”</article-title>
			</title-group>
			<contrib-group>
                          
				<contrib contrib-type="author">
					<name>
						<surname>Manfred</surname>
						<given-names>Joshua</given-names>
					</name>
                                        
					<xref ref-type="aff" rid="aff1"><sup>1</sup></xref>


				</contrib>



				<contrib contrib-type="author">
					<name>
						<surname>Strimel</surname>
						<given-names>Corbin</given-names>
					</name>
                                        
					<xref ref-type="aff" rid="aff1"><sup>1</sup></xref>


				</contrib>



				<contrib contrib-type="author">
					<name>
						<surname>Klabunde</surname>
						<given-names>Cameron</given-names>
					</name>
                                        
					<xref ref-type="aff" rid="aff2"><sup>2</sup></xref>


				</contrib>



				<contrib contrib-type="author">
					<name>
						<surname>Dittmann</surname>
						<given-names>Neil</given-names>
					</name>
                                        
					<xref ref-type="aff" rid="aff1"><sup>1</sup></xref>


				</contrib>



				<contrib contrib-type="author">
					<name>
						<surname>Gunther</surname>
						<given-names>Karen</given-names>
					</name>
                                        
					<xref ref-type="aff" rid="aff1"><sup>1</sup></xref>


				</contrib>




                          
				<aff id="aff1">
					<label><sup>1</sup></label>
					<institution>Wabash College</institution>
				</aff>


				<aff id="aff2">
					<label><sup>2</sup></label>
					<institution>Wabash college</institution>
				</aff>


			</contrib-group>
			<pub-date pub-type="ppub"><month>12</month>
				<year>2023</year>
			</pub-date>
			<pub-date pub-type="epub"><month>12</month>
				<year>2023</year>
			</pub-date>
						<volume>23</volume>
						<issue>15</issue>
						<fpage>55</fpage>
						<lpage>55</lpage>
			<permissions>
				<license license-type="cc-by-nc-nd" xlink:href="http://creativecommons.org/licenses/by-nc-nd/4.0/">
					<license-p>This work is licensed under a Creative Commons Attribution-NonCommercial-NoDerivatives 4.0 International License.</license-p>
				</license>
			</permissions>
			<abstract>
				<p>Cross-modal correspondence is a sense of the inherent belongingness between two different senses; in our study these were pitch and color. Our goal was to investigate the confound in previous literature of individual differences in color brightness and pitch loudness. We tested twenty male participants. We determined equal brightness for each participant, across six colors: red, orange, yellow, green, blue, and purple; and equal loudness across seven pitches: 125, 250, 500, 2000, 4000, 8000, and 12,500 Hz. Then participants matched pitch with color in three different conditions: prototypical color hues, gray scale, and isobright colors. Our results indicated that in the prototypical condition, the participants chose yellow for high pitches, and blue and purple for the lowest pitches. In the gray scale condition, they chose white for high pitches and black for low pitches. These findings are consistent with previous research in the literature. However, we found that when controlling for individual differences in brightness, participants still chose yellow with higher pitches. Thus, there appears to be an inherent sense of belongingness between yellow and high pitches, even when controlling for the confounds of individual differences in brightness and loudness.</p>
			</abstract>
		</article-meta>
	</front>
	<back>
                
               <fn-group>
			<fn>
				<p>Funding: Funding: None</p>
			</fn>
		</fn-group>

	</back>
</article>