<?xml version="1.0"?><!DOCTYPE article PUBLIC "-//NLM//DTD JATS (Z39.96) Journal Publishing DTD v1.0 20120330//EN" "http://jats.nlm.nih.gov/publishing/1.0/JATS-journalpublishing1.dtd">
<article xmlns:mml="http://www.w3.org/1998/Math/MathML" xmlns:xlink="http://www.w3.org/1999/xlink" article-type="Optica Fall Vision Meeting Abstract">
	<front>
		<journal-meta>
			<journal-id journal-id-type="hwp">jov</journal-id>
			<journal-id journal-id-type="publisher-id">JOVI</journal-id>
			<journal-title-group>
				<journal-title>Journal of Vision</journal-title>
			</journal-title-group>
			<issn pub-type="epub">1534-7362</issn>
			<publisher>
				<publisher-name>Association for Research in Vision and Ophthalmology</publisher-name>
			</publisher>
		</journal-meta>
		<article-meta>
			<article-id pub-id-type="doi">10.1167/jov.23.15.44</article-id>
			<article-id pub-id-type="manuscript">Talks_44</article-id>
			<article-categories>
				<subj-group subj-group-type="category">
					<subject>Poster Session I</subject>
				</subj-group>
			</article-categories>
			<title-group>
				<article-title>Poster Session I: Comparison of tripolar and traditional electrodes: Waveform morphology</article-title>
			</title-group>
			<contrib-group>
                          
				<contrib contrib-type="author">
					<name>
						<surname>Wise</surname>
						<given-names>Mackenzie V.</given-names>
					</name>
                                        
					<xref ref-type="aff" rid="aff1"><sup>1</sup></xref>


				</contrib>



				<contrib contrib-type="author">
					<name>
						<surname>Caplovitz</surname>
						<given-names>Gideon P.</given-names>
					</name>
                                        
					<xref ref-type="aff" rid="aff1"><sup>1</sup></xref>


				</contrib>



				<contrib contrib-type="author">
					<name>
						<surname>Crognale</surname>
						<given-names>Michael A. </given-names>
					</name>
                                        
					<xref ref-type="aff" rid="aff1"><sup>1</sup></xref>


				</contrib>




                          
				<aff id="aff1">
					<label><sup>1</sup></label>
					<institution>University of Nevada, Reno</institution>
				</aff>


			</contrib-group>
			<pub-date pub-type="ppub"><month>12</month>
				<year>2023</year>
			</pub-date>
			<pub-date pub-type="epub"><month>12</month>
				<year>2023</year>
			</pub-date>
						<volume>23</volume>
						<issue>15</issue>
						<fpage>44</fpage>
						<lpage>44</lpage>
			<permissions>
				<license license-type="cc-by-nc-nd" xlink:href="http://creativecommons.org/licenses/by-nc-nd/4.0/">
					<license-p>This work is licensed under a Creative Commons Attribution-NonCommercial-NoDerivatives 4.0 International License.</license-p>
				</license>
			</permissions>
			<abstract>
				<p>The waveforms of visual evoked potentials (VEPs) recorded by tripolar electrodes are different from those recorded by traditional electrode arrays. Traditional arrays record potentials using both an active and a reference electrode. The location of this reference will affect the waveform amplitude and shape. Conversely, tripolar electrodes measure the surface Laplacian across three concentric rings housed within a single electrode surface. These differences may influence the morphology of evoked responses. We compared these two modalities by recording pattern-reversal VEPs to two sizes of checkerboard. Visual inspection of the VEPs suggest that the signals recorded by the tripolar system have attenuated higher frequencies and increased latency of the major waveform components. Root-mean-square comparison of the two signal types confirm attenuation at the higher frequencies in the tripolar recording. Additionally, there is a cumulative delay present within both the large and small check conditions, such that each subsequent component recorded by the tripolar electrodes is shifted increasingly later in time compared to the same components recoded by the traditional electrodes. Such latency shifts may be indicative of a difference in the physiological sources that are measured by the two EEG systems.</p>
			</abstract>
		</article-meta>
	</front>
	<back>
                
               <fn-group>
			<fn>
				<p>Funding: Funding: None</p>
			</fn>
		</fn-group>

	</back>
</article>