<?xml version="1.0"?><!DOCTYPE article PUBLIC "-//NLM//DTD JATS (Z39.96) Journal Publishing DTD v1.0 20120330//EN" "http://jats.nlm.nih.gov/publishing/1.0/JATS-journalpublishing1.dtd">
<article xmlns:mml="http://www.w3.org/1998/Math/MathML" xmlns:xlink="http://www.w3.org/1999/xlink" article-type="Optica Fall Vision Meeting Abstract">
	<front>
		<journal-meta>
			<journal-id journal-id-type="hwp">jov</journal-id>
			<journal-id journal-id-type="publisher-id">JOVI</journal-id>
			<journal-title-group>
				<journal-title>Journal of Vision</journal-title>
			</journal-title-group>
			<issn pub-type="epub">1534-7362</issn>
			<publisher>
				<publisher-name>Association for Research in Vision and Ophthalmology</publisher-name>
			</publisher>
		</journal-meta>
		<article-meta>
			<article-id pub-id-type="doi">10.1167/jov.23.15.5</article-id>
			<article-id pub-id-type="manuscript">Talks_5</article-id>
			<article-categories>
				<subj-group subj-group-type="category">
					<subject>Invited Session I: 30 years of normalization in the visual system</subject>
				</subj-group>
			</article-categories>
			<title-group>
				<article-title>Invited Session I: 30 years of normalization in the visual system: Contrast normalization accounts for binocular interactions in healthy vision and amblyopia</article-title>
			</title-group>
			<contrib-group>
                          
				<contrib contrib-type="author">
					<name>
						<surname>Verghese</surname>
						<given-names>Preeti</given-names>
					</name>
                                        
					<xref ref-type="aff" rid="aff1"><sup>1</sup></xref>


				</contrib>



				<contrib contrib-type="author">
					<name>
						<surname>Hou</surname>
						<given-names>Chuan</given-names>
					</name>
                                        
					<xref ref-type="aff" rid="aff1"><sup>1</sup></xref>


				</contrib>




                          
				<aff id="aff1">
					<label><sup>1</sup></label>
					<institution>Smith-Kettlewell Eye Research Institute</institution>
				</aff>


			</contrib-group>
			<pub-date pub-type="ppub"><month>12</month>
				<year>2023</year>
			</pub-date>
			<pub-date pub-type="epub"><month>12</month>
				<year>2023</year>
			</pub-date>
						<volume>23</volume>
						<issue>15</issue>
						<fpage>5</fpage>
						<lpage>5</lpage>
			<permissions>
				<license license-type="cc-by-nc-nd" xlink:href="http://creativecommons.org/licenses/by-nc-nd/4.0/">
					<license-p>This work is licensed under a Creative Commons Attribution-NonCommercial-NoDerivatives 4.0 International License.</license-p>
				</license>
			</permissions>
			<abstract>
				<p>We investigated the interaction between dichoptic stimuli using steady-state visual evoked potentials and frequency-domain analysis. The stimulus in each eye flickered with a unique temporal frequency, which allowed us to “frequency-tag” the responses to each eye’s input (self  terms) as well as the responses to the combination of inputs from the two eyes (intermodulation terms). We measured two forms of binocular interaction: one associated with the suppressive effect of one eye’s stimulus on the other, and the other associated with a direct measure of interocular interaction between the two eyes’ inputs. Fits of a contrast gain control model to the data demonstrated that a common gain control mechanism is consistent with both forms of binocular interaction.  We then used the contrast normalization framework to investigate the disruptions to binocular interaction in amblyopia.  Although anisometropic amblyopes showed a similar pattern of responses to normal-vision observers, strabismic amblyopes exhibited both reduced responses to the amblyopic eye stimulus in the presence of a mask in the other eye, as well as substantially reduced intermodulation responses indicating reduced interocular interactions in visual cortex. A contrast normalization model that simultaneously fit self- and IM-term responses showed that the excitatory contribution to binocular interaction is significantly reduced in strabismic amblyopia. </p>
			</abstract>
		</article-meta>
	</front>
	<back>
                
               <fn-group>
			<fn>
				<p>Funding: Funding: NIH grants R01EY034370 and R01EY025018</p>
			</fn>
		</fn-group>

	</back>
</article>