<?xml version="1.0"?><!DOCTYPE article PUBLIC "-//NLM//DTD JATS (Z39.96) Journal Publishing DTD v1.0 20120330//EN" "http://jats.nlm.nih.gov/publishing/1.0/JATS-journalpublishing1.dtd">
<article xmlns:mml="http://www.w3.org/1998/Math/MathML" xmlns:xlink="http://www.w3.org/1999/xlink" article-type="Optica Fall Vision Meeting Abstract">
	<front>
		<journal-meta>
			<journal-id journal-id-type="hwp">jov</journal-id>
			<journal-id journal-id-type="publisher-id">JOVI</journal-id>
			<journal-title-group>
				<journal-title>Journal of Vision</journal-title>
			</journal-title-group>
			<issn pub-type="epub">1534-7362</issn>
			<publisher>
				<publisher-name>Association for Research in Vision and Ophthalmology</publisher-name>
			</publisher>
		</journal-meta>
		<article-meta>
			<article-id pub-id-type="doi">10.1167/jov.23.15.4</article-id>
			<article-id pub-id-type="manuscript">Talks_4</article-id>
			<article-categories>
				<subj-group subj-group-type="category">
					<subject>Invited Session I: 30 years of normalization in the visual system</subject>
				</subj-group>
			</article-categories>
			<title-group>
				<article-title>Invited Session I: 30 years of normalization in the visual system: Testing and expanding the Reynolds & Heeger Normalization Model of Attention</article-title>
			</title-group>
			<contrib-group>
                          
				<contrib contrib-type="author">
					<name>
						<surname>Carrasco</surname>
						<given-names>Marisa</given-names>
					</name>
                                        
					<xref ref-type="aff" rid="aff1"><sup>1</sup></xref>


				</contrib>




                          
				<aff id="aff1">
					<label><sup>1</sup></label>
					<institution>Dept of Psychology and Center for Neural Science, New York University</institution>
				</aff>


			</contrib-group>
			<pub-date pub-type="ppub"><month>12</month>
				<year>2023</year>
			</pub-date>
			<pub-date pub-type="epub"><month>12</month>
				<year>2023</year>
			</pub-date>
						<volume>23</volume>
						<issue>15</issue>
						<fpage>4</fpage>
						<lpage>4</lpage>
			<permissions>
				<license license-type="cc-by-nc-nd" xlink:href="http://creativecommons.org/licenses/by-nc-nd/4.0/">
					<license-p>This work is licensed under a Creative Commons Attribution-NonCommercial-NoDerivatives 4.0 International License.</license-p>
				</license>
			</permissions>
			<abstract>
				<p>I present evidence supporting key predictions of the Reynolds-Heeger Normalization Model of Attention: 1) Both exogenous and endogenous covert spatial attention, can affect performance by contrast or response gain changes, depending on the stimulus size and the relative size of the attention field. 2) Feature-based attention improves performance, consistent with a change in response gain, when the featural extent of the attention field is small (low uncertainty) or large (high uncertainty) relative to the featural extent of the stimulus. 3) An expanded model of spatial resolution and attention that distinguishes between exogenous and endogenous attention, focusing on texture-based segmentation as a model system, which has revealed a dissociation between these types of attention across eccentricity. Our model emulates sensory encoding to segment figures from their background and predict performance. To explain attentional effects, exogenous and endogenous attention require separate operating regimes across spatial frequency. The model reproduces behavioral performance across several experiments and resolves three unexplained phenomena: 1) the parafoveal advantage in segmentation, 2) the uniform improvements across eccentricity by endogenous attention, and 3) the peripheral improvements and central impairments by exogenous attention. This model provides a generalizable framework for predicting effects of endogenous and exogenous attention on perception across the visual field.</p>
			</abstract>
		</article-meta>
	</front>
	<back>
                
               <fn-group>
			<fn>
				<p>Funding: Funding: NIH R01-EY019693</p>
			</fn>
		</fn-group>

	</back>
</article>