<?xml version="1.0"?><!DOCTYPE article PUBLIC "-//NLM//DTD JATS (Z39.96) Journal Publishing DTD v1.0 20120330//EN" "http://jats.nlm.nih.gov/publishing/1.0/JATS-journalpublishing1.dtd">
<article xmlns:mml="http://www.w3.org/1998/Math/MathML" xmlns:xlink="http://www.w3.org/1999/xlink" article-type="Optica Fall Vision Meeting Abstract">
	<front>
		<journal-meta>
			<journal-id journal-id-type="hwp">jov</journal-id>
			<journal-id journal-id-type="publisher-id">JOVI</journal-id>
			<journal-title-group>
				<journal-title>Journal of Vision</journal-title>
			</journal-title-group>
			<issn pub-type="epub">1534-7362</issn>
			<publisher>
				<publisher-name>Association for Research in Vision and Ophthalmology</publisher-name>
			</publisher>
		</journal-meta>
		<article-meta>
			<article-id pub-id-type="doi">10.1167/jov.23.15.76</article-id>
			<article-id pub-id-type="manuscript">Talks_76</article-id>
			<article-categories>
				<subj-group subj-group-type="category">
					<subject>Contributed Session II</subject>
				</subj-group>
			</article-categories>
			<title-group>
				<article-title>Contributed Session II: Bringing color into focus: Dynamic accommodation responses to polychromatic stimuli</article-title>
			</title-group>
			<contrib-group>
                          
				<contrib contrib-type="author">
					<name>
						<surname>Chin</surname>
						<given-names>Benjamin M.</given-names>
					</name>
                                        
					<xref ref-type="aff" rid="aff1"><sup>1</sup></xref>


				</contrib>



				<contrib contrib-type="author">
					<name>
						<surname>Banks</surname>
						<given-names>Martin S.</given-names>
					</name>
                                        
					<xref ref-type="aff" rid="aff2"><sup>2</sup></xref>


				</contrib>



				<contrib contrib-type="author">
					<name>
						<surname>Nankivil</surname>
						<given-names>Derek</given-names>
					</name>
                                        
					<xref ref-type="aff" rid="aff3"><sup>3</sup></xref>


				</contrib>



				<contrib contrib-type="author">
					<name>
						<surname>Roorda</surname>
						<given-names>Austin</given-names>
					</name>
                                        
					<xref ref-type="aff" rid="aff2"><sup>2</sup></xref>


				</contrib>



				<contrib contrib-type="author">
					<name>
						<surname>Cooper</surname>
						<given-names>Emily A.</given-names>
					</name>
                                        
					<xref ref-type="aff" rid="aff2"><sup>2</sup></xref>


				</contrib>




                          
				<aff id="aff1">
					<label><sup>1</sup></label>
					<institution>Herbert Wertheim School of Optometry and Vision Science, University of California, Berkeley</institution>
				</aff>


				<aff id="aff2">
					<label><sup>2</sup></label>
					<institution>1. Herbert Wertheim School of Optometry and Vision Science, University of California at Berkeley 2. Helen Wills Neuroscience Institute, University of California at Berkeley</institution>
				</aff>


				<aff id="aff3">
					<label><sup>3</sup></label>
					<institution>Johnson &amp Johnson Vision Care, Research &amp Development</institution>
				</aff>


			</contrib-group>
			<pub-date pub-type="ppub"><month>12</month>
				<year>2023</year>
			</pub-date>
			<pub-date pub-type="epub"><month>12</month>
				<year>2023</year>
			</pub-date>
						<volume>23</volume>
						<issue>15</issue>
						<fpage>76</fpage>
						<lpage>76</lpage>
			<permissions>
				<license license-type="cc-by-nc-nd" xlink:href="http://creativecommons.org/licenses/by-nc-nd/4.0/">
					<license-p>This work is licensed under a Creative Commons Attribution-NonCommercial-NoDerivatives 4.0 International License.</license-p>
				</license>
			</permissions>
			<abstract>
				<p>As humans look around the environment, the crystalline lens inside the eye changes optical power to bring retinal images into focus. This visuomotor response is called accommodation. For a given accommodative state, light at only one wavelength can be in focus because the eye contains significant chromatic aberration. We examined how the visual system weights different wavelengths for focusing polychromatic stimuli, especially those with peaks at more than one wavelength. With an autorefractor, we continuously measured human accommodative responses (at 30 Hz) to stimuli comprising various mixtures of short- and long-wavelength content. In a series of trials, seven human observers viewed a three-letter word stimulus spanning 1.5° (24 arcmins per letter) against a black background on an AMOLED display for seven seconds. The optical distance of the screen was varied using a focus-adjustable lens. Halfway through the trial, the stimulus underwent a step change in optical distance (±0.75, 1.00, or 1.50 diopters). Simultaneously, the color of the stimulus changed. Accommodative responses for each subject were analyzed with nested descriptive models, including a color-free model, a weighted-averaging model, and a color-switching model. The results show that stimulus color significantly influences the dynamic accommodative response, and that long wavelengths influence the response more than short wavelengths, even when their luminance is the same. </p>
			</abstract>
		</article-meta>
	</front>
	<back>
                
               <fn-group>
			<fn>
				<p>Funding: Funding: National Science Foundation (Award #2041726)</p>
			</fn>
		</fn-group>

	</back>
</article>