<?xml version="1.0"?><!DOCTYPE article PUBLIC "-//NLM//DTD JATS (Z39.96) Journal Publishing DTD v1.0 20120330//EN" "http://jats.nlm.nih.gov/publishing/1.0/JATS-journalpublishing1.dtd">
<article xmlns:mml="http://www.w3.org/1998/Math/MathML" xmlns:xlink="http://www.w3.org/1999/xlink" article-type="Optica Fall Vision Meeting Abstract">
	<front>
		<journal-meta>
			<journal-id journal-id-type="hwp">jov</journal-id>
			<journal-id journal-id-type="publisher-id">JOVI</journal-id>
			<journal-title-group>
				<journal-title>Journal of Vision</journal-title>
			</journal-title-group>
			<issn pub-type="epub">1534-7362</issn>
			<publisher>
				<publisher-name>Association for Research in Vision and Ophthalmology</publisher-name>
			</publisher>
		</journal-meta>
		<article-meta>
			<article-id pub-id-type="doi">10.1167/jov.23.15.8</article-id>
			<article-id pub-id-type="manuscript">Talks_8</article-id>
			<article-categories>
				<subj-group subj-group-type="category">
					<subject>Invited Session II: Retinal remodeling and regeneration</subject>
				</subj-group>
			</article-categories>
			<title-group>
				<article-title>Invited Session II: Retinal remodeling and regeneration: Stimulation of functional neural regeneration in adult mouse retina</article-title>
			</title-group>
			<contrib-group>
                          
				<contrib contrib-type="author">
					<name>
						<surname>Reh</surname>
						<given-names>Thomas</given-names>
					</name>
                                        
					<xref ref-type="aff" rid="aff1"><sup>1</sup></xref>


				</contrib>




                          
				<aff id="aff1">
					<label><sup>1</sup></label>
					<institution>University of Washington</institution>
				</aff>


			</contrib-group>
			<pub-date pub-type="ppub"><month>12</month>
				<year>2023</year>
			</pub-date>
			<pub-date pub-type="epub"><month>12</month>
				<year>2023</year>
			</pub-date>
						<volume>23</volume>
						<issue>15</issue>
						<fpage>8</fpage>
						<lpage>8</lpage>
			<permissions>
				<license license-type="cc-by-nc-nd" xlink:href="http://creativecommons.org/licenses/by-nc-nd/4.0/">
					<license-p>This work is licensed under a Creative Commons Attribution-NonCommercial-NoDerivatives 4.0 International License.</license-p>
				</license>
			</permissions>
			<abstract>
				<p>Neurons are not regenerated in the adult mammalian retina. However, in non-mammalian vertebrates, specialized glial cells (Muller glia, MG) spontaneously generate neural progenitors, which go on to replace neurons after injury. We have recently developed strategies to stimulate regeneration of functional neurons in the adult mouse retina by over-expressing developmental transcription factors, including Ascl1, Atoh1, Islet1 and Pou4f2.  We have found that over-expressing Ascl1 in MG in vivo, followed by injury and TSA, induces regeneration of functional retinal neurons in adult mice. Adding additional TFs, such as Atoh1, substantially increases the efficiency of neurogenesis from the MG, while combining other TFs with Ascl1 can alter the types of neurons that are regenerated after injury.  Together our data show that we can considerably recapitulate  in mice much of the regeneration that occurs naturally in fish. </p>
			</abstract>
		</article-meta>
	</front>
	<back>
                
               <fn-group>
			<fn>
				<p>Funding: Funding: NEI, FFB, Genentech, GVRI, Tenpoint</p>
			</fn>
		</fn-group>

	</back>
</article>