<?xml version="1.0"?><!DOCTYPE article PUBLIC "-//NLM//DTD JATS (Z39.96) Journal Publishing DTD v1.0 20120330//EN" "http://jats.nlm.nih.gov/publishing/1.0/JATS-journalpublishing1.dtd">
<article xmlns:mml="http://www.w3.org/1998/Math/MathML" xmlns:xlink="http://www.w3.org/1999/xlink" article-type="Optica Fall Vision Meeting Abstract">
	<front>
		<journal-meta>
			<journal-id journal-id-type="hwp">jov</journal-id>
			<journal-id journal-id-type="publisher-id">JOVI</journal-id>
			<journal-title-group>
				<journal-title>Journal of Vision</journal-title>
			</journal-title-group>
			<issn pub-type="epub">1534-7362</issn>
			<publisher>
				<publisher-name>Association for Research in Vision and Ophthalmology</publisher-name>
			</publisher>
		</journal-meta>
		<article-meta>
			<article-id pub-id-type="doi">10.1167/jov.23.11.26</article-id>
			<article-id pub-id-type="manuscript">Talks_26</article-id>
			<article-categories>
				<subj-group subj-group-type="category">
					<subject>Invited Session IV: Studies of the visual cortex with sub-millimeter resolution</subject>
				</subj-group>
			</article-categories>
			<title-group>
				<article-title>Invited Session IV: Studies of the visual cortex with sub-millimeter resolution: Toward an all-optical bi-directional interrogation of topographic population codes in primate cortex
</article-title>
			</title-group>
			<contrib-group>
                          
				<contrib contrib-type="author">
					<name>
						<surname>Seidemann</surname>
						<given-names>Eyal</given-names>
					</name>
                                        
					<xref ref-type="aff" rid="aff1"><sup>1</sup></xref>


				</contrib>




                          
				<aff id="aff1">
					<label><sup>1</sup></label>
					<institution>University of Texas Austin</institution>
				</aff>


			</contrib-group>
			<pub-date pub-type="ppub"><month>9</month>
				<year>2023</year>
			</pub-date>
			<pub-date pub-type="epub"><month>9</month>
				<year>2023</year>
			</pub-date>
						<volume>23</volume>
						<issue>11</issue>
						<fpage>26</fpage>
						<lpage>26</lpage>
			<permissions>
				<license license-type="cc-by-nc-nd" xlink:href="http://creativecommons.org/licenses/by-nc-nd/4.0/">
					<license-p>This work is licensed under a Creative Commons Attribution-NonCommercial-NoDerivatives 4.0 International License.</license-p>
				</license>
			</permissions>
			<abstract>
				<p>The representation of visual stimuli in primate V1 is widely distributed and topographic. This raises the possibility that in some visual tasks, downstream areas that decode V1 signals in order to mediate perception could combine V1 signals at a relevant topographic scale—e.g., at the scale of orientation columns. If this were the case, then the fundamental unit of information would be individual columns rather than single neurons, and to account for the subject’s behavior in a perceptual task, it would be necessary and sufficient to consider the summed activity of the thousands of neurons within each column. In this presentation I will discuss our initial attempts to test this topographic-code hypothesis using our optical-genetic toolbox for “reading” and “writing” neural population codes at the spatial scales of topographic maps in V1 of behaving macaques.</p>
			</abstract>
		</article-meta>
	</front>
	<back>
                
               <fn-group>
			<fn>
				<p>Funding: Funding: None</p>
			</fn>
		</fn-group>

	</back>
</article>