<?xml version="1.0"?><!DOCTYPE article PUBLIC "-//NLM//DTD JATS (Z39.96) Journal Publishing DTD v1.0 20120330//EN" "http://jats.nlm.nih.gov/publishing/1.0/JATS-journalpublishing1.dtd">
<article xmlns:mml="http://www.w3.org/1998/Math/MathML" xmlns:xlink="http://www.w3.org/1999/xlink" article-type="Optica Fall Vision Meeting Abstract">
	<front>
		<journal-meta>
			<journal-id journal-id-type="hwp">jov</journal-id>
			<journal-id journal-id-type="publisher-id">JOVI</journal-id>
			<journal-title-group>
				<journal-title>Journal of Vision</journal-title>
			</journal-title-group>
			<issn pub-type="epub">1534-7362</issn>
			<publisher>
				<publisher-name>Association for Research in Vision and Ophthalmology</publisher-name>
			</publisher>
		</journal-meta>
		<article-meta>
			<article-id pub-id-type="doi">10.1167/jov.23.11.5</article-id>
			<article-id pub-id-type="manuscript">Talks_5</article-id>
			<article-categories>
				<subj-group subj-group-type="category">
					<subject>Invited Session I: Vision restoration</subject>
				</subj-group>
			</article-categories>
			<title-group>
				<article-title>Invited Session I: Vision restoration: Restoring vision at the fovea</article-title>
			</title-group>
			<contrib-group>
                          
				<contrib contrib-type="author">
					<name>
						<surname>McGregor</surname>
						<given-names>Juliette</given-names>
					</name>
                                        
					<xref ref-type="aff" rid="aff1"><sup>1</sup></xref>


				</contrib>




                          
				<aff id="aff1">
					<label><sup>1</sup></label>
					<institution>Department of Ophthalmology and Center for Visual Science, University of Rochester, Rochester NY, USA</institution>
				</aff>


			</contrib-group>
			<pub-date pub-type="ppub"><month>9</month>
				<year>2023</year>
			</pub-date>
			<pub-date pub-type="epub"><month>9</month>
				<year>2023</year>
			</pub-date>
						<volume>23</volume>
						<issue>11</issue>
						<fpage>5</fpage>
						<lpage>5</lpage>
			<permissions>
				<license license-type="cc-by-nc-nd" xlink:href="http://creativecommons.org/licenses/by-nc-nd/4.0/">
					<license-p>This work is licensed under a Creative Commons Attribution-NonCommercial-NoDerivatives 4.0 International License.</license-p>
				</license>
			</permissions>
			<abstract>
				<p>Currently little can be done to restore high quality vision to patients with retinal degeneration. Tasks like recognizing faces require high acuity vision which is mediated by the fovea, a specialized retinal structure unique to humans and non-human primates. Signals from the fovea dominate visual cortex and optimizing vision restoration therapies at this retinal location has the potential to yield higher quality outcomes. Adaptive Optics Scanning Light Ophthalmoscopy provides an innovative preclinical development platform for evaluating therapies in non-human primates, allowing photoreceptor ablation and cellular scale functional recording of restored responses from foveal retinal ganglion cells in the living eye. Recent work has also enabled observation of immune cell activity in primate retina at the cellular scale. I will describe experiments using in vivo calcium imaging to demonstrate optogenetic restoration of RGC activity in primate fovea and efforts to accelerate progress toward more naturalistic restored vision, using stem cell-derived photoreceptor replacement therapy. Key to the success of all of vision restoration therapies is understanding the impact of periods of long term vision loss on the retina and I will share results examining changes in foveal RGCs in the weeks and months following deafferentation. Finally I will consider the unique perceptual challenges which may arise when restoring light sensitivity to foveal tissue.
</p>
			</abstract>
		</article-meta>
	</front>
	<back>
                
               <fn-group>
			<fn>
				<p>Funding: Funding: I acknowledge funding support from the AGI initiative NIH U24 EY033275, CVS core support from NIH P30 EY0001319, an unrestricted grant to the Flaum Eye Institute from Research to Prevent Blindness and the Steven. E. Feldon Scholarship from the Flaum Eye Institute.
</p>
			</fn>
		</fn-group>

	</back>
</article>