<?xml version="1.0"?><!DOCTYPE article PUBLIC "-//NLM//DTD JATS (Z39.96) Journal Publishing DTD v1.0 20120330//EN" "http://jats.nlm.nih.gov/publishing/1.0/JATS-journalpublishing1.dtd">
<article xmlns:mml="http://www.w3.org/1998/Math/MathML" xmlns:xlink="http://www.w3.org/1999/xlink" article-type="Optica Fall Vision Meeting Abstract">
	<front>
		<journal-meta>
			<journal-id journal-id-type="hwp">jov</journal-id>
			<journal-id journal-id-type="publisher-id">JOVI</journal-id>
			<journal-title-group>
				<journal-title>Journal of Vision</journal-title>
			</journal-title-group>
			<issn pub-type="epub">1534-7362</issn>
			<publisher>
				<publisher-name>Association for Research in Vision and Ophthalmology</publisher-name>
			</publisher>
		</journal-meta>
		<article-meta>
			<article-id pub-id-type="doi">10.1167/jov.23.11.57</article-id>
			<article-id pub-id-type="manuscript">Talks_57</article-id>
			<article-categories>
				<subj-group subj-group-type="category">
					<subject>Poster Session</subject>
				</subj-group>
			</article-categories>
			<title-group>
				<article-title>Poster Session: Learned rapid adaptation to environmental color changes generalize to a large range of colors</article-title>
			</title-group>
			<contrib-group>
                          
				<contrib contrib-type="author">
					<name>
						<surname>Li</surname>
						<given-names>Yanjun</given-names>
					</name>
                                        
					<xref ref-type="aff" rid="aff1"><sup>1</sup></xref>


				</contrib>



				<contrib contrib-type="author">
					<name>
						<surname>Tregillus</surname>
						<given-names>Katherine</given-names>
					</name>
                                        
					<xref ref-type="aff" rid="aff1"><sup>1</sup></xref>


				</contrib>



				<contrib contrib-type="author">
					<name>
						<surname>Engel</surname>
						<given-names>Stephen </given-names>
					</name>
                                        
					<xref ref-type="aff" rid="aff1"><sup>1</sup></xref>


				</contrib>




                          
				<aff id="aff1">
					<label><sup>1</sup></label>
					<institution>University of Minnesota</institution>
				</aff>


			</contrib-group>
			<pub-date pub-type="ppub"><month>9</month>
				<year>2023</year>
			</pub-date>
			<pub-date pub-type="epub"><month>9</month>
				<year>2023</year>
			</pub-date>
						<volume>23</volume>
						<issue>11</issue>
						<fpage>57</fpage>
						<lpage>57</lpage>
			<permissions>
				<license license-type="cc-by-nc-nd" xlink:href="http://creativecommons.org/licenses/by-nc-nd/4.0/">
					<license-p>This work is licensed under a Creative Commons Attribution-NonCommercial-NoDerivatives 4.0 International License.</license-p>
				</license>
			</permissions>
			<abstract>
				<p>When the environment changes color, vision adapts, and the world gradually appears less tinted. For repeated color changes, vision may learn to adapt faster to maintain accurate perception. We previously reported that wearing red glasses repeatedly caused the world to appear less and less reddish when the glasses were first put on, as measured by the appearance of unique yellow. Here, we tested the appearance of a larger range of colors. 13 observers wore red glasses for 5hr/day for 5 days. Observers were tested with pairs of 1.5 deg filled color circles, centered within a 6deg black square on a background image. 13 colors were chosen from LAB space comprising unique and intermediate hues at two contrast levels, and one gray. Observers rated the difference between each possible color pair on a scale of 0 to 9. Observers performed the task before and immediately after putting the glasses on, and after 25, 50 and 75 min of wear. Wearing red glasses caused all colors to appear reddish and be rated as relatively similar. As observers adapted, colors gradually regained more normal appearance, and the similarity between color pairs decreased. Critically, over days, color pairs appeared more dissimilar immediately after putting on the glasses (p&lt;1e-6). Multi-dimensional scaling analysis of the similarity data revealed a uniform expansion of color space across days. Thus, observers learned to immediately adjust their perception of many colors with repeated experience. </p>
			</abstract>
		</article-meta>
	</front>
	<back>
                
               <fn-group>
			<fn>
				<p>Funding: Funding: NSF-1558308</p>
			</fn>
		</fn-group>

	</back>
</article>