<?xml version="1.0"?><!DOCTYPE article PUBLIC "-//NLM//DTD JATS (Z39.96) Journal Publishing DTD v1.0 20120330//EN" "http://jats.nlm.nih.gov/publishing/1.0/JATS-journalpublishing1.dtd">
<article xmlns:mml="http://www.w3.org/1998/Math/MathML" xmlns:xlink="http://www.w3.org/1999/xlink" article-type="Optica Fall Vision Meeting Abstract">
	<front>
		<journal-meta>
			<journal-id journal-id-type="hwp">jov</journal-id>
			<journal-id journal-id-type="publisher-id">JOVI</journal-id>
			<journal-title-group>
				<journal-title>Journal of Vision</journal-title>
			</journal-title-group>
			<issn pub-type="epub">1534-7362</issn>
			<publisher>
				<publisher-name>Association for Research in Vision and Ophthalmology</publisher-name>
			</publisher>
		</journal-meta>
		<article-meta>
			<article-id pub-id-type="doi">10.1167/jov.23.11.25</article-id>
			<article-id pub-id-type="manuscript">Talks_25</article-id>
			<article-categories>
				<subj-group subj-group-type="category">
					<subject>Invited Session IV: Studies of the visual cortex with sub-millimeter resolution</subject>
				</subj-group>
			</article-categories>
			<title-group>
				<article-title>Invited Session IV: Studies of the visual cortex with sub-millimeter resolution: Three-photon imaging reveals the neural basis of fMRI across cortical layers</article-title>
			</title-group>
			<contrib-group>
                          
				<contrib contrib-type="author">
					<name>
						<surname>Kara</surname>
						<given-names>Prakash</given-names>
					</name>
                                        
					<xref ref-type="aff" rid="aff1"><sup>1</sup></xref>


				</contrib>




                          
				<aff id="aff1">
					<label><sup>1</sup></label>
					<institution>University of Minnesota</institution>
				</aff>


			</contrib-group>
			<pub-date pub-type="ppub"><month>9</month>
				<year>2023</year>
			</pub-date>
			<pub-date pub-type="epub"><month>9</month>
				<year>2023</year>
			</pub-date>
						<volume>23</volume>
						<issue>11</issue>
						<fpage>25</fpage>
						<lpage>25</lpage>
			<permissions>
				<license license-type="cc-by-nc-nd" xlink:href="http://creativecommons.org/licenses/by-nc-nd/4.0/">
					<license-p>This work is licensed under a Creative Commons Attribution-NonCommercial-NoDerivatives 4.0 International License.</license-p>
				</license>
			</permissions>
			<abstract>
				<p>V1 is ideally suited to study the spatial organization of neurovascular coupling at the level of synapses, neurons, individual blood vessels and laminar-resolution fMRI. This is because at least in layers 1 and 2/3 of V1, the functional micro-architecture for neurons, synapses and blood vessels has been determined using 2-photon imaging (Ohki et al 2005 Nature; Kara and Boyd 2009 Nature; O’Herron et al 2016 Nature). Hence, feature selectivity, e.g., orientation and direction selectivity of spiking, synaptic and hemodynamic activity in layer 2/3 is known. However, the micro-architecture of layer 4 neural activity (spiking and synaptic) along with individual blood vessel responses is unknown because conventional 2-photon imaging cannot access deeper cortical layers. The organizing principles of neural maps and the selectivity of hemodynamic responses is of paramount importance for laminar processing because the thalamic inputs arriving into layer 4 are untuned. 3-photon imaging triples the imaging depth compared to 2-photon imaging. Using this optical technique and high-resolution fMRI, we have determined the extent to which different types of neural (spiking, synaptic) and vascular signals (blood flow from individual vessels and fMRI voxels) are coupled across cortical layers in the cat V1. Our data show systematic changes in selectivity of hemodynamic signals across cortical layers that have clear underpinnings in neural circuitry and the propagation of hemodynamic signals</p>
			</abstract>
		</article-meta>
	</front>
	<back>
                
               <fn-group>
			<fn>
				<p>Funding: Funding: None</p>
			</fn>
		</fn-group>

	</back>
</article>