<?xml version="1.0"?><!DOCTYPE article PUBLIC "-//NLM//DTD JATS (Z39.96) Journal Publishing DTD v1.0 20120330//EN" "http://jats.nlm.nih.gov/publishing/1.0/JATS-journalpublishing1.dtd">
<article xmlns:mml="http://www.w3.org/1998/Math/MathML" xmlns:xlink="http://www.w3.org/1999/xlink" article-type="Optica Fall Vision Meeting Abstract">
	<front>
		<journal-meta>
			<journal-id journal-id-type="hwp">jov</journal-id>
			<journal-id journal-id-type="publisher-id">JOVI</journal-id>
			<journal-title-group>
				<journal-title>Journal of Vision</journal-title>
			</journal-title-group>
			<issn pub-type="epub">1534-7362</issn>
			<publisher>
				<publisher-name>Association for Research in Vision and Ophthalmology</publisher-name>
			</publisher>
		</journal-meta>
		<article-meta>
			<article-id pub-id-type="doi">10.1167/jov.23.11.54</article-id>
			<article-id pub-id-type="manuscript">Talks_54</article-id>
			<article-categories>
				<subj-group subj-group-type="category">
					<subject>Poster Session</subject>
				</subj-group>
			</article-categories>
			<title-group>
				<article-title>Poster Session: Detecting spaceflight associated neuro-ocular syndrome (SANS) using light-weight convolutional neural networks</article-title>
			</title-group>
			<contrib-group>
                          
				<contrib contrib-type="author">
					<name>
						<surname>Kamran</surname>
						<given-names>Sharif Amit</given-names>
					</name>
                                        
					<xref ref-type="aff" rid="aff1"><sup>1</sup></xref>


				</contrib>



				<contrib contrib-type="author">
					<name>
						<surname>Hossain</surname>
						<given-names>Khondker Fariha</given-names>
					</name>
                                        
					<xref ref-type="aff" rid="aff2"><sup>2</sup></xref>


				</contrib>



				<contrib contrib-type="author">
					<name>
						<surname>Ong .</surname>
						<given-names>Joshua</given-names>
					</name>
                                        
					<xref ref-type="aff" rid="aff3"><sup>3</sup></xref>


				</contrib>



				<contrib contrib-type="author">
					<name>
						<surname>Lee .</surname>
						<given-names>Andrew G.</given-names>
					</name>
                                        
					<xref ref-type="aff" rid="aff10"><sup>10</sup></xref>


					<xref ref-type="aff" rid="aff11"><sup>11</sup></xref>


					<xref ref-type="aff" rid="aff4"><sup>4</sup></xref>


					<xref ref-type="aff" rid="aff5"><sup>5</sup></xref>


					<xref ref-type="aff" rid="aff6"><sup>6</sup></xref>


					<xref ref-type="aff" rid="aff7"><sup>7</sup></xref>


					<xref ref-type="aff" rid="aff8"><sup>8</sup></xref>


					<xref ref-type="aff" rid="aff9"><sup>9</sup></xref>


				</contrib>



				<contrib contrib-type="author">
					<name>
						<surname>Tavakkoli .</surname>
						<given-names>Alireza</given-names>
					</name>
                                        
					<xref ref-type="aff" rid="aff2"><sup>2</sup></xref>


				</contrib>




                          
				<aff id="aff1">
					<label><sup>1</sup></label>
					<institution>Human-Machine Perception Laboratory, Department of Computer Science and Engineering, University of Nevada, Reno, Reno, Nevada, United States</institution>
				</aff>


				<aff id="aff2">
					<label><sup>2</sup></label>
					<institution>Human-Machine Perception Laboratory, Department of Computer Science and Engineering, University of Nevada, Reno, Reno, Nevada, United States</institution>
				</aff>


				<aff id="aff3">
					<label><sup>3</sup></label>
					<institution>Michigan Medicine, University of Michigan, Ann Arbor, Michigan, United States</institution>
				</aff>


				<aff id="aff4">
					<label><sup>4</sup></label>
					<institution>Center for Space Medicine, Baylor College of Medicine, Houston, Texas, United States</institution>
				</aff>


				<aff id="aff5">
					<label><sup>5</sup></label>
					<institution>Department of Ophthalmology, Blanton Eye Institute, Houston Methodist Hospital, Houston, Texas, United States</institution>
				</aff>


				<aff id="aff6">
					<label><sup>6</sup></label>
					<institution>The Houston Methodist Research Institute, Houston Methodist Hospital, Houston, Texas, United States</institution>
				</aff>


				<aff id="aff7">
					<label><sup>7</sup></label>
					<institution>Departments of Ophthalmology, Neurology, and Neurosurgery, Weill Cornell Medicine, New York, New York, United States</institution>
				</aff>


				<aff id="aff8">
					<label><sup>8</sup></label>
					<institution>Department of Ophthalmology, University of Texas Medical Branch, Galveston, Texas, United States</institution>
				</aff>


				<aff id="aff9">
					<label><sup>9</sup></label>
					<institution>University of Texas MD Anderson Cancer Center, Houston, Texas, United States</institution>
				</aff>


				<aff id="aff10">
					<label><sup>10</sup></label>
					<institution>Texas A&ampM College of Medicine, Texas, United States</institution>
				</aff>


				<aff id="aff11">
					<label><sup>11</sup></label>
					<institution>Department of Ophthalmology, The University of Iowa Hospitals and Clinics, Iowa City, Iowa, United States</institution>
				</aff>


			</contrib-group>
			<pub-date pub-type="ppub"><month>9</month>
				<year>2023</year>
			</pub-date>
			<pub-date pub-type="epub"><month>9</month>
				<year>2023</year>
			</pub-date>
						<volume>23</volume>
						<issue>11</issue>
						<fpage>54</fpage>
						<lpage>54</lpage>
			<permissions>
				<license license-type="cc-by-nc-nd" xlink:href="http://creativecommons.org/licenses/by-nc-nd/4.0/">
					<license-p>This work is licensed under a Creative Commons Attribution-NonCommercial-NoDerivatives 4.0 International License.</license-p>
				</license>
			</permissions>
			<abstract>
				<p>Spaceflight-associated neuro-ocular syndrome (SANS) is a collection of neuro-ophthalmic findings that occurs in astronauts as a result of prolonged microgravity exposure in space. Due to limited resources on board long-term spaceflight missions, early disease diagnosis and prognosis of SANS become unviable. Moreover, the current retinal imaging techniques onboard the international space station (ISS), such as optical coherence tomography (OCT), ultrasound imaging, and fundus photography, require an expert to distinguish between SANS and similar ophthalmic diseases. With the advent of Deep Learning, diagnosing diseases (such as diabetic retinopathy) from structural retinal images are being automated. In this study, we propose a lightweight convolutional neural network incorporating an EfficientNet encoder for detecting SANS from OCT images. We used 6303 OCT B-scan images for training/validation (80%/20% split) and 945 for testing. Our model achieved 84.2% accuracy on the test set, i.e., 85.6% specificity, and 82.8% sensitivity. Moreover, it outperforms two other state-of-the-art pre-trained architectures, ResNet50-v2 and MobileNet-v2, by 21.4% and 13.1%. Additionally, we use GRAD-CAM to visualize activation maps of intermediate layers to test the interpretability of our model&#39;s prediction. The proposed architecture enables fast and efficient prediction of SANS-like conditions for future long-term spaceflight mission in which computational and clinical resources are limited.</p>
			</abstract>
		</article-meta>
	</front>
	<back>
                
               <fn-group>
			<fn>
				<p>Funding: Funding: NASA Grant [80NSSC20K183]: A Non-intrusive Ocular Monitoring Framework to Model Ocular Structure and Functional Changes due to Long-term Spaceflight.</p>
			</fn>
		</fn-group>

	</back>
</article>