<?xml version="1.0"?><!DOCTYPE article PUBLIC "-//NLM//DTD JATS (Z39.96) Journal Publishing DTD v1.0 20120330//EN" "http://jats.nlm.nih.gov/publishing/1.0/JATS-journalpublishing1.dtd">
<article xmlns:mml="http://www.w3.org/1998/Math/MathML" xmlns:xlink="http://www.w3.org/1999/xlink" article-type="Optica Fall Vision Meeting Abstract">
	<front>
		<journal-meta>
			<journal-id journal-id-type="hwp">jov</journal-id>
			<journal-id journal-id-type="publisher-id">JOVI</journal-id>
			<journal-title-group>
				<journal-title>Journal of Vision</journal-title>
			</journal-title-group>
			<issn pub-type="epub">1534-7362</issn>
			<publisher>
				<publisher-name>Association for Research in Vision and Ophthalmology</publisher-name>
			</publisher>
		</journal-meta>
		<article-meta>
			<article-id pub-id-type="doi">10.1167/jov.23.11.70</article-id>
			<article-id pub-id-type="manuscript">Talks_70</article-id>
			<article-categories>
				<subj-group subj-group-type="category">
					<subject>Poster Session</subject>
				</subj-group>
			</article-categories>
			<title-group>
				<article-title>Poster Session: Achromatic increments and decrements are different: the relationship between scaling and discrimination</article-title>
			</title-group>
			<contrib-group>
                          
				<contrib contrib-type="author">
					<name>
						<surname>Shi</surname>
						<given-names>Yangyi</given-names>
					</name>
                                        
					<xref ref-type="aff" rid="aff1"><sup>1</sup></xref>


				</contrib>



				<contrib contrib-type="author">
					<name>
						<surname>Eskew</surname>
						<given-names>Rhea</given-names>
					</name>
                                        
					<xref ref-type="aff" rid="aff1"><sup>1</sup></xref>


				</contrib>




                          
				<aff id="aff1">
					<label><sup>1</sup></label>
					<institution>Northeastern University</institution>
				</aff>


			</contrib-group>
			<pub-date pub-type="ppub"><month>9</month>
				<year>2023</year>
			</pub-date>
			<pub-date pub-type="epub"><month>9</month>
				<year>2023</year>
			</pub-date>
						<volume>23</volume>
						<issue>11</issue>
						<fpage>70</fpage>
						<lpage>70</lpage>
			<permissions>
				<license license-type="cc-by-nc-nd" xlink:href="http://creativecommons.org/licenses/by-nc-nd/4.0/">
					<license-p>This work is licensed under a Creative Commons Attribution-NonCommercial-NoDerivatives 4.0 International License.</license-p>
				</license>
			</permissions>
			<abstract>
				<p>A basic problem in psychophysics is to relate the internal representation of a stimulus to its physical intensity. In this study, we measured perceptual scales for achromatic contrast with Maximum Likelihood Difference Scaling (MLDS), using squares against a mid-grey background. Observers compared two stimulus pairs and chose the more different pair. All four squares were either achromatic increments (A+), or achromatic decrements (A-). The MLDS result was then compared with 2AFC achromatic pedestal discrimination, with pedestals and tests that were all combinations of A+ and A-. The main result is not novel: A+ and A- obey different rules. A Naka-Rushton saturating function describes the A+ MLDS result well, and the derivative of that function is proportional to the A+ pedestal discrimination for some (but not all) observers. A- MLDS and discrimination results are more complicated and are reminiscent of the classic findings of Whittle (1986, 1992). The sensitivity of A- is a cubic polynomial function of pedestal contrast. These findings will be compared with a similar study of S-cone contrast (reported at VSS 2022), which found a different type of asymmetry between S+ and S-. Presumably these increment/decrement asymmetries are due to underlying differences between ON and OFF neural pathways. One implication is that using stimuli that include both contrast signs, such as gratings and flicker, may obscure important asymmetries in the processing of contrast.</p>
			</abstract>
		</article-meta>
	</front>
	<back>
                
               <fn-group>
			<fn>
				<p>Funding: Funding:  NSF BCS-1921771</p>
			</fn>
		</fn-group>

	</back>
</article>