<?xml version="1.0"?><!DOCTYPE article PUBLIC "-//NLM//DTD JATS (Z39.96) Journal Publishing DTD v1.0 20120330//EN" "http://jats.nlm.nih.gov/publishing/1.0/JATS-journalpublishing1.dtd">
<article xmlns:mml="http://www.w3.org/1998/Math/MathML" xmlns:xlink="http://www.w3.org/1999/xlink" article-type="Optica Fall Vision Meeting Abstract">
	<front>
		<journal-meta>
			<journal-id journal-id-type="hwp">jov</journal-id>
			<journal-id journal-id-type="publisher-id">JOVI</journal-id>
			<journal-title-group>
				<journal-title>Journal of Vision</journal-title>
			</journal-title-group>
			<issn pub-type="epub">1534-7362</issn>
			<publisher>
				<publisher-name>Association for Research in Vision and Ophthalmology</publisher-name>
			</publisher>
		</journal-meta>
		<article-meta>
			<article-id pub-id-type="doi">10.1167/jov.23.11.40</article-id>
			<article-id pub-id-type="manuscript">Talks_40</article-id>
			<article-categories>
				<subj-group subj-group-type="category">
					<subject>Poster Session</subject>
				</subj-group>
			</article-categories>
			<title-group>
				<article-title>Poster Session: Evidence for preserved conscious orientation discrimination in perimetrically-blind fields early after V1-damage</article-title>
			</title-group>
			<contrib-group>
                          
				<contrib contrib-type="author">
					<name>
						<surname>Cavanaugh</surname>
						<given-names>Matthew</given-names>
					</name>
                                        
					<xref ref-type="aff" rid="aff1"><sup>1</sup></xref>


				</contrib>



				<contrib contrib-type="author">
					<name>
						<surname>Yang</surname>
						<given-names>Jingyi</given-names>
					</name>
                                        
					<xref ref-type="aff" rid="aff1"><sup>1</sup></xref>


				</contrib>



				<contrib contrib-type="author">
					<name>
						<surname>Fahrenthold</surname>
						<given-names>Berkeley</given-names>
					</name>
                                        
					<xref ref-type="aff" rid="aff1"><sup>1</sup></xref>


				</contrib>



				<contrib contrib-type="author">
					<name>
						<surname>Saionz</surname>
						<given-names>Elizabeth</given-names>
					</name>
                                        
					<xref ref-type="aff" rid="aff1"><sup>1</sup></xref>


				</contrib>



				<contrib contrib-type="author">
					<name>
						<surname>Melnick</surname>
						<given-names>Michael</given-names>
					</name>
                                        
					<xref ref-type="aff" rid="aff1"><sup>1</sup></xref>


				</contrib>



				<contrib contrib-type="author">
					<name>
						<surname>Carrasco</surname>
						<given-names>Marisa</given-names>
					</name>
                                        
					<xref ref-type="aff" rid="aff2"><sup>2</sup></xref>


				</contrib>



				<contrib contrib-type="author">
					<name>
						<surname>Tadin</surname>
						<given-names>Duje</given-names>
					</name>
                                        
					<xref ref-type="aff" rid="aff1"><sup>1</sup></xref>


				</contrib>



				<contrib contrib-type="author">
					<name>
						<surname>Huxlin</surname>
						<given-names>Krystel</given-names>
					</name>
                                        
					<xref ref-type="aff" rid="aff1"><sup>1</sup></xref>


				</contrib>




                          
				<aff id="aff1">
					<label><sup>1</sup></label>
					<institution>University of Rochester</institution>
				</aff>


				<aff id="aff2">
					<label><sup>2</sup></label>
					<institution>New York University</institution>
				</aff>


			</contrib-group>
			<pub-date pub-type="ppub"><month>9</month>
				<year>2023</year>
			</pub-date>
			<pub-date pub-type="epub"><month>9</month>
				<year>2023</year>
			</pub-date>
						<volume>23</volume>
						<issue>11</issue>
						<fpage>40</fpage>
						<lpage>40</lpage>
			<permissions>
				<license license-type="cc-by-nc-nd" xlink:href="http://creativecommons.org/licenses/by-nc-nd/4.0/">
					<license-p>This work is licensed under a Creative Commons Attribution-NonCommercial-NoDerivatives 4.0 International License.</license-p>
				</license>
			</permissions>
			<abstract>
				<p>Cortically-blind (CB) patients with stroke damage to the primary visual cortex (V1) lose conscious vision but many exhibit blindsight - the ability to unconsciously detect or discriminate moving or flickering targets inside their blind-fields. However, the prevalence of conscious visual abilities in CB is less clear. Having developed a new method to assess vision inside perimetrically-defined blind fields, we found that &gt;50% of subacute CB patients (&lt;6 months post-stroke) can consciously discriminate global motion inside their blind field. Here, we asked if they can also discriminate orientation of static targets, which do not typically elicit blindsight. In 10 subacute patients, we mapped their intact and blind hemifields using static, non-flickering, 1cpd Gabors across a wide range of luminance contrasts. Blind-field locations were labeled “preserved” if performance was &gt;72.5% correct. Considering overall performance, only 1 participant had preserved static orientation perception in the blind-field. However, this increased to 4 participants when only considering performance at high contrasts (&gt;50%), all of whom reported awareness of stimuli. Thus, early after V1 damage, conscious percepts for oriented, high-contrast, static targets can remain inside CB fields, similar in incidence to global motion discriminations. We are now testing additional patients to assess if these abilities persist into the chronic period and to detail their underlying neural substrates.</p>
			</abstract>
		</article-meta>
	</front>
	<back>
                
               <fn-group>
			<fn>
				<p>Funding: Funding: None</p>
			</fn>
		</fn-group>

	</back>
</article>