<?xml version="1.0"?><!DOCTYPE article PUBLIC "-//NLM//DTD JATS (Z39.96) Journal Publishing DTD v1.0 20120330//EN" "http://jats.nlm.nih.gov/publishing/1.0/JATS-journalpublishing1.dtd">
<article xmlns:mml="http://www.w3.org/1998/Math/MathML" xmlns:xlink="http://www.w3.org/1999/xlink" article-type="Optica Fall Vision Meeting Abstract">
	<front>
		<journal-meta>
			<journal-id journal-id-type="hwp">jov</journal-id>
			<journal-id journal-id-type="publisher-id">JOVI</journal-id>
			<journal-title-group>
				<journal-title>Journal of Vision</journal-title>
			</journal-title-group>
			<issn pub-type="epub">1534-7362</issn>
			<publisher>
				<publisher-name>Association for Research in Vision and Ophthalmology</publisher-name>
			</publisher>
		</journal-meta>
		<article-meta>
			<article-id pub-id-type="doi">10.1167/jov.23.11.62</article-id>
			<article-id pub-id-type="manuscript">Talks_62</article-id>
			<article-categories>
				<subj-group subj-group-type="category">
					<subject>Poster Session</subject>
				</subj-group>
			</article-categories>
			<title-group>
				<article-title>Poster Session: Optogenetic Stimulation and Calcium Imaging of Single Ganglion Cells in the Living Macaque Fovea</article-title>
			</title-group>
			<contrib-group>
                          
				<contrib contrib-type="author">
					<name>
						<surname>Murphy</surname>
						<given-names>Peter</given-names>
					</name>
                                        
					<xref ref-type="aff" rid="aff1"><sup>1</sup></xref>


				</contrib>



				<contrib contrib-type="author">
					<name>
						<surname>McGregor</surname>
						<given-names>Juliette</given-names>
					</name>
                                        
					<xref ref-type="aff" rid="aff2"><sup>2</sup></xref>


				</contrib>



				<contrib contrib-type="author">
					<name>
						<surname>Xu</surname>
						<given-names>Zhengyang</given-names>
					</name>
                                        
					<xref ref-type="aff" rid="aff3"><sup>3</sup></xref>


				</contrib>



				<contrib contrib-type="author">
					<name>
						<surname>Merigan</surname>
						<given-names>William</given-names>
					</name>
                                        
					<xref ref-type="aff" rid="aff2"><sup>2</sup></xref>


				</contrib>



				<contrib contrib-type="author">
					<name>
						<surname>Williams</surname>
						<given-names>David</given-names>
					</name>
                                        
					<xref ref-type="aff" rid="aff4"><sup>4</sup></xref>


				</contrib>




                          
				<aff id="aff1">
					<label><sup>1</sup></label>
					<institution>University of Rochester, Center for Visual Science, Institute of Optics</institution>
				</aff>


				<aff id="aff2">
					<label><sup>2</sup></label>
					<institution>University of Rochester, Flaum Eye Institute, Center for Visual Science</institution>
				</aff>


				<aff id="aff3">
					<label><sup>3</sup></label>
					<institution>University of Rochester, Institute of Optics, Center for Visual Science</institution>
				</aff>


				<aff id="aff4">
					<label><sup>4</sup></label>
					<institution>University of Rochester, Flaum Eye Institute, Institute of Optics,Center for Visual Science</institution>
				</aff>


			</contrib-group>
			<pub-date pub-type="ppub"><month>9</month>
				<year>2023</year>
			</pub-date>
			<pub-date pub-type="epub"><month>9</month>
				<year>2023</year>
			</pub-date>
						<volume>23</volume>
						<issue>11</issue>
						<fpage>62</fpage>
						<lpage>62</lpage>
			<permissions>
				<license license-type="cc-by-nc-nd" xlink:href="http://creativecommons.org/licenses/by-nc-nd/4.0/">
					<license-p>This work is licensed under a Creative Commons Attribution-NonCommercial-NoDerivatives 4.0 International License.</license-p>
				</license>
			</permissions>
			<abstract>
				<p>The perceptual roles of most retinal ganglion cell (RGC) classes are controversial in part because we lack a paradigm for measuring the perceptual consequences of activating cells of only one class in the living primate eye. Recent success in classifying single RGCs with in vivo calcium imaging and in vivo optogenetic activation of RGCs en masse now bring such a paradigm within reach. As a first step, we demonstrate the optogenetic stimulation of single foveal RGCs in the living macaque.
RGCs in an anesthetized female macaque were stimulated and imaged using adaptive optics scanning light ophthalmoscopy. Co-expression of ChrimsonR and GCaMP6s was achieved via intravitreal injection of a viral vector. On each trial, a targeted soma was exposed to four, 12.5 µm diameter flashes of 0.8 second duration. Targets were limited to those RGCs with at least a 20 µm separation from their nearest neighbors. The GCaMP responses to the flash of both targeted and nearby cells were imaged and the ΔF/F for each soma’s response was averaged over the flashes. The ΔF/F values were used to calculate z-scores for each cell’s response. Five cells were found to have responded significantly (z-score &gt; 3.5) with no significant response from their neighbors.
We can directly activate single RGCs in the living eye and measure the resulting calcium signal, the first step toward a method to measure the sensations produced by individual RGCs in the awake behaving monkey. 

</p>
			</abstract>
		</article-meta>
	</front>
	<back>
                
               <fn-group>
			<fn>
				<p>Funding: Funding: R01 EY021166, P30 EY001319, Research to Prevent Blindness</p>
			</fn>
		</fn-group>

	</back>
</article>