<?xml version="1.0"?><!DOCTYPE article PUBLIC "-//NLM//DTD JATS (Z39.96) Journal Publishing DTD v1.0 20120330//EN" "http://jats.nlm.nih.gov/publishing/1.0/JATS-journalpublishing1.dtd">
<article xmlns:mml="http://www.w3.org/1998/Math/MathML" xmlns:xlink="http://www.w3.org/1999/xlink" article-type="Optica Fall Vision Meeting Abstract">
	<front>
		<journal-meta>
			<journal-id journal-id-type="hwp">jov</journal-id>
			<journal-id journal-id-type="publisher-id">JOVI</journal-id>
			<journal-title-group>
				<journal-title>Journal of Vision</journal-title>
			</journal-title-group>
			<issn pub-type="epub">1534-7362</issn>
			<publisher>
				<publisher-name>Association for Research in Vision and Ophthalmology</publisher-name>
			</publisher>
		</journal-meta>
		<article-meta>
			<article-id pub-id-type="doi">10.1167/jov.23.11.35</article-id>
			<article-id pub-id-type="manuscript">Talks_35</article-id>
			<article-categories>
				<subj-group subj-group-type="category">
					<subject>Contributed Session III</subject>
				</subj-group>
			</article-categories>
			<title-group>
				<article-title>Contributed Session III: Characteristics of electrically-induced visual percepts in the first human with the Intracortical Visual Prosthesis</article-title>
			</title-group>
			<contrib-group>
                          
				<contrib contrib-type="author">
					<name>
						<surname>Barry</surname>
						<given-names>Michael P</given-names>
					</name>
                                        
					<xref ref-type="aff" rid="aff1"><sup>1</sup></xref>


				</contrib>



				<contrib contrib-type="author">
					<name>
						<surname>Sadeghi</surname>
						<given-names>Roksana</given-names>
					</name>
                                        
					<xref ref-type="aff" rid="aff2"><sup>2</sup></xref>


				</contrib>



				<contrib contrib-type="author">
					<name>
						<surname>Towle</surname>
						<given-names>Vernon L</given-names>
					</name>
                                        
					<xref ref-type="aff" rid="aff3"><sup>3</sup></xref>


				</contrib>



				<contrib contrib-type="author">
					<name>
						<surname>Stipp</surname>
						<given-names>Kelsey</given-names>
					</name>
                                        
					<xref ref-type="aff" rid="aff1"><sup>1</sup></xref>


				</contrib>



				<contrib contrib-type="author">
					<name>
						<surname>Grant</surname>
						<given-names>Patricia</given-names>
					</name>
                                        
					<xref ref-type="aff" rid="aff4"><sup>4</sup></xref>


				</contrib>



				<contrib contrib-type="author">
					<name>
						<surname>Lane</surname>
						<given-names>Frank John</given-names>
					</name>
                                        
					<xref ref-type="aff" rid="aff1"><sup>1</sup></xref>


				</contrib>



				<contrib contrib-type="author">
					<name>
						<surname>Szlyk</surname>
						<given-names>Janet P</given-names>
					</name>
                                        
					<xref ref-type="aff" rid="aff4"><sup>4</sup></xref>


				</contrib>



				<contrib contrib-type="author">
					<name>
						<surname>Dagnelie</surname>
						<given-names>Gislin</given-names>
					</name>
                                        
					<xref ref-type="aff" rid="aff2"><sup>2</sup></xref>


				</contrib>



				<contrib contrib-type="author">
					<name>
						<surname>Troyk</surname>
						<given-names>Philip R</given-names>
					</name>
                                        
					<xref ref-type="aff" rid="aff1"><sup>1</sup></xref>


				</contrib>




                          
				<aff id="aff1">
					<label><sup>1</sup></label>
					<institution>Illinois Institute of Technology</institution>
				</aff>


				<aff id="aff2">
					<label><sup>2</sup></label>
					<institution>Johns Hopkins University</institution>
				</aff>


				<aff id="aff3">
					<label><sup>3</sup></label>
					<institution>University of Chicago</institution>
				</aff>


				<aff id="aff4">
					<label><sup>4</sup></label>
					<institution>The Chicago Lighthouse for People Who Are Blind or Visually Impaired</institution>
				</aff>


			</contrib-group>
			<pub-date pub-type="ppub"><month>9</month>
				<year>2023</year>
			</pub-date>
			<pub-date pub-type="epub"><month>9</month>
				<year>2023</year>
			</pub-date>
						<volume>23</volume>
						<issue>11</issue>
						<fpage>35</fpage>
						<lpage>35</lpage>
			<permissions>
				<license license-type="cc-by-nc-nd" xlink:href="http://creativecommons.org/licenses/by-nc-nd/4.0/">
					<license-p>This work is licensed under a Creative Commons Attribution-NonCommercial-NoDerivatives 4.0 International License.</license-p>
				</license>
			</permissions>
			<abstract>
				<p>The Intracortical Visual Prosthesis (ICVP) consists of multiple wireless floating microelectrode arrays (WFMAs), each with 16 stimulating electrodes. Stimulation of these electrodes can potentially provide artificial vision for people who are blind. Twenty-five WFMAs were implanted in the right occipital visual cortex of a participant in an FDA-approved, NIH-sponsored Phase 1 clinical trial (NCT04634383). Here, we report characteristics of visual percepts elicited by the WFMAs (frequency: 200 Hz, cathodic phase duration: 200 µs, amplitude and train length up to 60 µA and 900 ms). Stimulation of single electrodes in 10 WFMAs and groups of 4 or more electrodes in 7 additional WFMAs consistently produced percepts during &gt;10 sessions across approximately 3 months of testing. Phosphenes generated within a single WFMA were typically similar in appearance. Descriptions included configurations of rings, bright or dark dots, and constant or flickering bars, with sizes of 0.3–12° across. Phosphenes appeared as blueish-white, or occasionally orange, red, or having an iridescent texture. Ten WFMAs produced phosphenes within a 4° cluster centered 4° below and to the left of fixation. Phosphenes from 4 other WFMAs were located 4° below or 20° left of the cluster. When using these phosphenes to scan a virtual line, the participant was able to discriminate horizontal and vertical lines (46/51 correct, p &lt; 10^−8, binomial test), and 45° and 135° diagonal lines (12/14 correct, p &lt; 0.01).</p>
			</abstract>
		</article-meta>
	</front>
	<back>
                
               <fn-group>
			<fn>
				<p>Funding: Funding: NIH Grant # 4UH3NS095557-03</p>
			</fn>
		</fn-group>

	</back>
</article>