<?xml version="1.0"?><!DOCTYPE article PUBLIC "-//NLM//DTD JATS (Z39.96) Journal Publishing DTD v1.0 20120330//EN" "http://jats.nlm.nih.gov/publishing/1.0/JATS-journalpublishing1.dtd">
<article xmlns:mml="http://www.w3.org/1998/Math/MathML" xmlns:xlink="http://www.w3.org/1999/xlink" article-type="Optica Fall Vision Meeting Abstract">
	<front>
		<journal-meta>
			<journal-id journal-id-type="hwp">jov</journal-id>
			<journal-id journal-id-type="publisher-id">JOVI</journal-id>
			<journal-title-group>
				<journal-title>Journal of Vision</journal-title>
			</journal-title-group>
			<issn pub-type="epub">1534-7362</issn>
			<publisher>
				<publisher-name>Association for Research in Vision and Ophthalmology</publisher-name>
			</publisher>
		</journal-meta>
		<article-meta>
			<article-id pub-id-type="doi">10.1167/jov.23.11.36</article-id>
			<article-id pub-id-type="manuscript">Talks_36</article-id>
			<article-categories>
				<subj-group subj-group-type="category">
					<subject>Poster Session</subject>
				</subj-group>
			</article-categories>
			<title-group>
				<article-title>Poster Session: Dynamic visual processing in post-saccadic V1 visual responses of the marmoset monkey</article-title>
			</title-group>
			<contrib-group>
                          
				<contrib contrib-type="author">
					<name>
						<surname>Abrham</surname>
						<given-names>Yonatan</given-names>
					</name>
                                        
					<xref ref-type="aff" rid="aff1"><sup>1</sup></xref>


				</contrib>



				<contrib contrib-type="author">
					<name>
						<surname>Yates</surname>
						<given-names>Jacob</given-names>
					</name>
                                        
					<xref ref-type="aff" rid="aff2"><sup>2</sup></xref>


				</contrib>



				<contrib contrib-type="author">
					<name>
						<surname>Mitchell</surname>
						<given-names>Jude F.</given-names>
					</name>
                                        
					<xref ref-type="aff" rid="aff1"><sup>1</sup></xref>


				</contrib>




                          
				<aff id="aff1">
					<label><sup>1</sup></label>
					<institution>Brain and Cognitive Sciences, University of Rochester</institution>
				</aff>


				<aff id="aff2">
					<label><sup>2</sup></label>
					<institution>Vision Sciences, University of California at Berkeley</institution>
				</aff>


			</contrib-group>
			<pub-date pub-type="ppub"><month>9</month>
				<year>2023</year>
			</pub-date>
			<pub-date pub-type="epub"><month>9</month>
				<year>2023</year>
			</pub-date>
						<volume>23</volume>
						<issue>11</issue>
						<fpage>36</fpage>
						<lpage>36</lpage>
			<permissions>
				<license license-type="cc-by-nc-nd" xlink:href="http://creativecommons.org/licenses/by-nc-nd/4.0/">
					<license-p>This work is licensed under a Creative Commons Attribution-NonCommercial-NoDerivatives 4.0 International License.</license-p>
				</license>
			</permissions>
			<abstract>
				<p>All animals with image-forming eyes sample visual information through a “saccade and fixate” pattern of eye movements (Land and Nilsson, 2012). Here, we investigated how perisaccadic neural responses during free-viewing of natural images relate to the tuning properties of neurons in primary visual cortex (V1). We recorded from V1 in two marmoset monkeys using linear arrays as they freely viewed full-field natural scenes. We found that on average neural responses time-locked to saccade onset exhibited an early suppression followed by a post-saccadic rebound in excitatory activity. To determine whether the latency of these saccade dynamics varied with neural tuning properties we mapped tuning for spatial and temporal frequency, and orientation selectivity. In those trials marmosets free-viewed flashed full-field gratings that varied in spatial frequency and orientation. Among the neurons with significant orientation tuning, we observe a significant correlation between spatial frequency preference and the latency of post-saccadic rebound, with neurons tuned to higher spatial frequencies responding later. These results support the idea that neural responses during the saccade-fixation cycle follow coarse-to-fine distinctions proposed to operate in early visual processing (Burr, 1981; Watt, 1987; Hedge, 2008, Boi et al., 2017). </p>
			</abstract>
		</article-meta>
	</front>
	<back>
                
               <fn-group>
			<fn>
				<p>Funding: Funding: JFM from NIH EY030998; JY from NIH R00EY032179</p>
			</fn>
		</fn-group>

	</back>
</article>