<?xml version="1.0"?><!DOCTYPE article PUBLIC "-//NLM//DTD JATS (Z39.96) Journal Publishing DTD v1.0 20120330//EN" "http://jats.nlm.nih.gov/publishing/1.0/JATS-journalpublishing1.dtd">
<article xmlns:mml="http://www.w3.org/1998/Math/MathML" xmlns:xlink="http://www.w3.org/1999/xlink" article-type="Optica Fall Vision Meeting Abstract">
	<front>
		<journal-meta>
			<journal-id journal-id-type="hwp">jov</journal-id>
			<journal-id journal-id-type="publisher-id">JOVI</journal-id>
			<journal-title-group>
				<journal-title>Journal of Vision</journal-title>
			</journal-title-group>
			<issn pub-type="epub">1534-7362</issn>
			<publisher>
				<publisher-name>Association for Research in Vision and Ophthalmology</publisher-name>
			</publisher>
		</journal-meta>
		<article-meta>
			<article-id pub-id-type="doi">10.1167/jov.23.11.64</article-id>
			<article-id pub-id-type="manuscript">Talks_64</article-id>
			<article-categories>
				<subj-group subj-group-type="category">
					<subject>Poster Session</subject>
				</subj-group>
			</article-categories>
			<title-group>
				<article-title>Poster Session: Towards Understanding Retinal Processing of Single-Cone Scale Stimulation</article-title>
			</title-group>
			<contrib-group>
                          
				<contrib contrib-type="author">
					<name>
						<surname>Pirog</surname>
						<given-names>JT</given-names>
					</name>
                                        
					<xref ref-type="aff" rid="aff1"><sup>1</sup></xref>


				</contrib>



				<contrib contrib-type="author">
					<name>
						<surname>Tuten</surname>
						<given-names>William S.</given-names>
					</name>
                                        
					<xref ref-type="aff" rid="aff1"><sup>1</sup></xref>


				</contrib>




                          
				<aff id="aff1">
					<label><sup>1</sup></label>
					<institution>Herbert Wertheim School of Optometry &amp Vision Science, University of California, Berkeley, Berkeley, CA USA.</institution>
				</aff>


			</contrib-group>
			<pub-date pub-type="ppub"><month>9</month>
				<year>2023</year>
			</pub-date>
			<pub-date pub-type="epub"><month>9</month>
				<year>2023</year>
			</pub-date>
						<volume>23</volume>
						<issue>11</issue>
						<fpage>64</fpage>
						<lpage>64</lpage>
			<permissions>
				<license license-type="cc-by-nc-nd" xlink:href="http://creativecommons.org/licenses/by-nc-nd/4.0/">
					<license-p>This work is licensed under a Creative Commons Attribution-NonCommercial-NoDerivatives 4.0 International License.</license-p>
				</license>
			</permissions>
			<abstract>
				<p>The magnocellular (M) visual pathway can be distinguished from its finer-grained parvocellular (P) counterpart by its stronger response gain to contrasts near human detection threshold. This distinction is found when stimulus size is matched to the relatively large receptive field size of M cells, but it is less clear if preserved at smaller spatial scales. We examined foveal detection thresholds in tandem with a masking paradigm known to desensitize the M pathway. We used a custom DLP display in Maxwellian view to present either 3 or 23 arcmin spots for 100 ms against a uniform gray disk (1° VA) surrounded by a 0.5 cpd, 100% contrast, square wave grating flickered at 7 frequencies ranging from 0 to 30 Hz. Detection data were fit with psychometric functions to estimate threshold and thresholds were normalized to the static (0 Hz) condition. Relative sensitivity was fit with a modified impulse response function and compared to a constant model with ANOVA. With masking we found a significant reduction in sensitivity for large (23arcmin) increments (mean=0.39 log units; n=4; p&lt;0.01) and decrements (0.31 log units; n=4; p=0.02)at 8.3Hz. By contrast, no significant masking effect was observed for small spot increments or decrements (p&gt;0.05). These data suggest that the M pathway is not the primary determinant of small spot thresholds under the conditions studied. Further investigation with adaptive optics may be necessary to fully elaborate single-cone processing in the fovea.</p>
			</abstract>
		</article-meta>
	</front>
	<back>
                
               <fn-group>
			<fn>
				<p>Funding: Funding: Air Force Office of Scientific Research (FA9550-20-1-0195 and FA9550-21-1-0230), National Institutes of Health (R01EY023591), Alcon Research Institute, Hellman Fellows Fund</p>
			</fn>
		</fn-group>

	</back>
</article>