<?xml version="1.0"?><!DOCTYPE article PUBLIC "-//NLM//DTD JATS (Z39.96) Journal Publishing DTD v1.0 20120330//EN" "http://jats.nlm.nih.gov/publishing/1.0/JATS-journalpublishing1.dtd">
<article xmlns:mml="http://www.w3.org/1998/Math/MathML" xmlns:xlink="http://www.w3.org/1999/xlink" article-type="Optica Fall Vision Meeting Abstract">
	<front>
		<journal-meta>
			<journal-id journal-id-type="hwp">jov</journal-id>
			<journal-id journal-id-type="publisher-id">JOVI</journal-id>
			<journal-title-group>
				<journal-title>Journal of Vision</journal-title>
			</journal-title-group>
			<issn pub-type="epub">1534-7362</issn>
			<publisher>
				<publisher-name>Association for Research in Vision and Ophthalmology</publisher-name>
			</publisher>
		</journal-meta>
		<article-meta>
			<article-id pub-id-type="doi">10.1167/jov.23.11.67</article-id>
			<article-id pub-id-type="manuscript">Talks_67</article-id>
			<article-categories>
				<subj-group subj-group-type="category">
					<subject>Poster Session</subject>
				</subj-group>
			</article-categories>
			<title-group>
				<article-title>Poster Session: Event-related Changes in Pupil Size in a Simulated Air Refueling Task</article-title>
			</title-group>
			<contrib-group>
                          
				<contrib contrib-type="author">
					<name>
						<surname>Seemiller</surname>
						<given-names>Eric</given-names>
					</name>
                                        
					<xref ref-type="aff" rid="aff1"><sup>1</sup></xref>


				</contrib>



				<contrib contrib-type="author">
					<name>
						<surname>O'Keefe</surname>
						<given-names>Eleanor</given-names>
					</name>
                                        
					<xref ref-type="aff" rid="aff2"><sup>2</sup></xref>


				</contrib>



				<contrib contrib-type="author">
					<name>
						<surname>Winterbottom</surname>
						<given-names>Marc</given-names>
					</name>
                                        
					<xref ref-type="aff" rid="aff1"><sup>1</sup></xref>


				</contrib>



				<contrib contrib-type="author">
					<name>
						<surname>Hadley</surname>
						<given-names>Steven</given-names>
					</name>
                                        
					<xref ref-type="aff" rid="aff1"><sup>1</sup></xref>


				</contrib>




                          
				<aff id="aff1">
					<label><sup>1</sup></label>
					<institution>711th Human Performance Wing, United States Air Force</institution>
				</aff>


				<aff id="aff2">
					<label><sup>2</sup></label>
					<institution>KBR, inc.</institution>
				</aff>


			</contrib-group>
			<pub-date pub-type="ppub"><month>9</month>
				<year>2023</year>
			</pub-date>
			<pub-date pub-type="epub"><month>9</month>
				<year>2023</year>
			</pub-date>
						<volume>23</volume>
						<issue>11</issue>
						<fpage>67</fpage>
						<lpage>67</lpage>
			<permissions>
				<license license-type="cc-by-nc-nd" xlink:href="http://creativecommons.org/licenses/by-nc-nd/4.0/">
					<license-p>This work is licensed under a Creative Commons Attribution-NonCommercial-NoDerivatives 4.0 International License.</license-p>
				</license>
			</permissions>
			<abstract>
				<p>There are many factors that influence the behavior of the pupil, but it is functionally an instrument of the visual system; its fundamental role is to balance light and image quality. Though it is common to use pupil size as a measure of other operator-state parameters such as cognitive workload or stress, its role in the visual system can complicate this. It may be more useful to assess dynamic, rapid changes in pupil size in response to workload or stress related events. Here, we measured pupil size velocity in 14 participants who were engaged in an aerial refueling simulation on a 3D display. Refueling collisions (when the fuel nozzle hits the receiver aircraft outside of the refueling receptacle) were recorded, and the pupil velocity at all time-points 10 seconds prior and 10 seconds post-collision were averaged to calculate the event-related change in pupil velocity. On average, there was a -0.49 mm/sec spike in pupil velocity that began 0.39 seconds after the collision and lasted 1.62 seconds before returning to stasis. This suggests that the collision caused a rapid pupil constriction, indicating a stress related change. Approximately 2 seconds post-collision, the pupil began to drift back toward its static state, showing a quick return to its role in promoting good image quality. These data represent a novel way of considering the pupil in the context of its many influences and suggests that rapid spikes in pupil size may indicate an increase in operator stress.</p>
			</abstract>
		</article-meta>
	</front>
	<back>
                
               <fn-group>
			<fn>
				<p>Funding: Funding: FA2396-22-F-0137 and FA8075-16-D-0010</p>
			</fn>
		</fn-group>

	</back>
</article>