<?xml version="1.0"?><!DOCTYPE article PUBLIC "-//NLM//DTD JATS (Z39.96) Journal Publishing DTD v1.0 20120330//EN" "http://jats.nlm.nih.gov/publishing/1.0/JATS-journalpublishing1.dtd">
<article xmlns:mml="http://www.w3.org/1998/Math/MathML" xmlns:xlink="http://www.w3.org/1999/xlink" article-type="Optica Fall Vision Meeting Abstract">
	<front>
		<journal-meta>
			<journal-id journal-id-type="hwp">jov</journal-id>
			<journal-id journal-id-type="publisher-id">JOVI</journal-id>
			<journal-title-group>
				<journal-title>Journal of Vision</journal-title>
			</journal-title-group>
			<issn pub-type="epub">1534-7362</issn>
			<publisher>
				<publisher-name>Association for Research in Vision and Ophthalmology</publisher-name>
			</publisher>
		</journal-meta>
		<article-meta>
			<article-id pub-id-type="doi">10.1167/jov.23.11.23</article-id>
			<article-id pub-id-type="manuscript">Talks_23</article-id>
			<article-categories>
				<subj-group subj-group-type="category">
					<subject>Contributed Session II</subject>
				</subj-group>
			</article-categories>
			<title-group>
				<article-title>Contributed Session II: Immune cell speed changes over 5 orders of magnitude in response to inflammation in the retina.</article-title>
			</title-group>
			<contrib-group>
                          
				<contrib contrib-type="author">
					<name>
						<surname>Dholakia</surname>
						<given-names>Kosha</given-names>
					</name>
                                        
					<xref ref-type="aff" rid="aff1"><sup>1</sup></xref>


				</contrib>



				<contrib contrib-type="author">
					<name>
						<surname>Huh</surname>
						<given-names>Jin Won</given-names>
					</name>
                                        
					<xref ref-type="aff" rid="aff1"><sup>1</sup></xref>


				</contrib>



				<contrib contrib-type="author">
					<name>
						<surname>Schallek</surname>
						<given-names>Jesse</given-names>
					</name>
                                        
					<xref ref-type="aff" rid="aff1"><sup>1</sup></xref>


				</contrib>




                          
				<aff id="aff1">
					<label><sup>1</sup></label>
					<institution>University of Rochester</institution>
				</aff>


			</contrib-group>
			<pub-date pub-type="ppub"><month>9</month>
				<year>2023</year>
			</pub-date>
			<pub-date pub-type="epub"><month>9</month>
				<year>2023</year>
			</pub-date>
						<volume>23</volume>
						<issue>11</issue>
						<fpage>23</fpage>
						<lpage>23</lpage>
			<permissions>
				<license license-type="cc-by-nc-nd" xlink:href="http://creativecommons.org/licenses/by-nc-nd/4.0/">
					<license-p>This work is licensed under a Creative Commons Attribution-NonCommercial-NoDerivatives 4.0 International License.</license-p>
				</license>
			</permissions>
			<abstract>
				<p>Inflammation in vascularized tissues is mediated by circulating immune cells that are recruited to damaged tissue. Immune cells undergo dramatic changes in speed and motility indicating the severity and staging of inflammation. Here, we characterize the spectrum of retinal leukocyte kinetics in response to an acute inflammatory stimulus using adaptive optics scanning light ophthalmoscopy (AOSLO) in living mice.
C57BL/6J male mice were injected intravitreally with 1 µL lipopolysaccharide (LPS) and imaged at 6, 24 and 72 hours after LPS injection using phase contrast and fluorescence AOSLO. Speed of circulating leukocytes (n= 286 cells, 2 mice) was measured with 15kHz point-scan imaging using automated approach (Joseph et al. 2019). Rolling leukocytes (n=300 cells, 5 mice, 6 hrs after LPS) and extravasated cells (n=92 cells, 8 mice) were visualized with time-lapse imaging and manually tracked using ImageJ.
Using our custom AOSLO, we observed leukocyte speeds spanning 5 orders of magnitude in the living retina. The fastest speeds were the circulating leukocytes (13,257.37 ± 7,086.41 µm/s). After LPS, leukocytes roll along the venular wall, where cell speed was 1000x slower (11.45 ± 7.45 µm/s.) When immune cells extravasated into the tissue, cell speed dropped further by 100x (0.3 ± 0.15 µm/s).
Observed leukocyte speeds cluster around three distinct velocity bands that stratify the unique and purposeful behavior of these cells as they progress through the inflammatory cascade.</p>
			</abstract>
		</article-meta>
	</front>
	<back>
                
               <fn-group>
			<fn>
				<p>Funding: Funding: NIH Grant R01 EY028293, P30 EY001319, Career Development Award, Career Advancement Award (Schallek) and Unrestricted Grant to the University of Rochester Department of Ophthalmology from Research to Prevent Blindness, New York, New York , and a research collaboration grant from Genentech Inc.</p>
			</fn>
		</fn-group>

	</back>
</article>