<?xml version="1.0"?><!DOCTYPE article PUBLIC "-//NLM//DTD JATS (Z39.96) Journal Publishing DTD v1.0 20120330//EN" "http://jats.nlm.nih.gov/publishing/1.0/JATS-journalpublishing1.dtd">
<article xmlns:mml="http://www.w3.org/1998/Math/MathML" xmlns:xlink="http://www.w3.org/1999/xlink" article-type="Optica Fall Vision Meeting Abstract">
	<front>
		<journal-meta>
			<journal-id journal-id-type="hwp">jov</journal-id>
			<journal-id journal-id-type="publisher-id">JOVI</journal-id>
			<journal-title-group>
				<journal-title>Journal of Vision</journal-title>
			</journal-title-group>
			<issn pub-type="epub">1534-7362</issn>
			<publisher>
				<publisher-name>Association for Research in Vision and Ophthalmology</publisher-name>
			</publisher>
		</journal-meta>
		<article-meta>
			<article-id pub-id-type="doi">10.1167/jov.23.11.3</article-id>
			<article-id pub-id-type="manuscript">Talks_3</article-id>
			<article-categories>
				<subj-group subj-group-type="category">
					<subject>Award Lecture</subject>
				</subj-group>
			</article-categories>
			<title-group>
				<article-title>Award Lecture: 2022 Tillyer Award Lecture: Visual Control of Locomotion in Natural Environments</article-title>
			</title-group>
			<contrib-group>
                          
				<contrib contrib-type="author">
					<name>
						<surname>Hayhoe</surname>
						<given-names>Mary</given-names>
					</name>
                                        
					<xref ref-type="aff" rid="aff1"><sup>1</sup></xref>


				</contrib>




                          
				<aff id="aff1">
					<label><sup>1</sup></label>
					<institution>University of Texas Austin</institution>
				</aff>


			</contrib-group>
			<pub-date pub-type="ppub"><month>9</month>
				<year>2023</year>
			</pub-date>
			<pub-date pub-type="epub"><month>9</month>
				<year>2023</year>
			</pub-date>
						<volume>23</volume>
						<issue>11</issue>
						<fpage>3</fpage>
						<lpage>3</lpage>
			<permissions>
				<license license-type="cc-by-nc-nd" xlink:href="http://creativecommons.org/licenses/by-nc-nd/4.0/">
					<license-p>This work is licensed under a Creative Commons Attribution-NonCommercial-NoDerivatives 4.0 International License.</license-p>
				</license>
			</permissions>
			<abstract>
				<p>Control of locomotion is clearly an important role for vision, but one that we know little about. Considerable attention has been devoted to the potential role of retinal motion patterns, generated by self-motion, in steering towards a goal. These motion patterns are determined by an interconnected set of factors, including gaze location, gaze stabilization, the structure of the environment, and the walker’s behavioral goals. We have collected measurements of the eyes, the body, and the 3D environment during locomotion in natural terrains. This has allowed us to explore the resulting retinal motion patterns, and how they might be used to guide behavior. Large variations in head direction during the gait cycle make it problematic for use in steering towards a goal, but gaze stabilization leads to regularities in the retinal motion patterns that could provide a postural control signal during locomotion. Another aspect of the visual control of locomotion is the choice of foot placement in rugged terrain. We examined the role of local height changes in the terrain, and showed that visual selection of footholds reflects a complex interplay between energetic costs and the need for stable foot placement. Thus visual signals about motion and depth act as time-varying local control signals for the momentary disposition of the body rather than steering toward more distant goals.</p>
			</abstract>
		</article-meta>
	</front>
	<back>
                
               <fn-group>
			<fn>
				<p>Funding: Funding: None</p>
			</fn>
		</fn-group>

	</back>
</article>