<?xml version="1.0"?><!DOCTYPE article PUBLIC "-//NLM//DTD JATS (Z39.96) Journal Publishing DTD v1.0 20120330//EN" "http://jats.nlm.nih.gov/publishing/1.0/JATS-journalpublishing1.dtd">
<article xmlns:mml="http://www.w3.org/1998/Math/MathML" xmlns:xlink="http://www.w3.org/1999/xlink" article-type="Optica Fall Vision Meeting Abstract">
	<front>
		<journal-meta>
			<journal-id journal-id-type="hwp">jov</journal-id>
			<journal-id journal-id-type="publisher-id">JOVI</journal-id>
			<journal-title-group>
				<journal-title>Journal of Vision</journal-title>
			</journal-title-group>
			<issn pub-type="epub">1534-7362</issn>
			<publisher>
				<publisher-name>Association for Research in Vision and Ophthalmology</publisher-name>
			</publisher>
		</journal-meta>
		<article-meta>
			<article-id pub-id-type="doi">10.1167/jov.23.11.2</article-id>
			<article-id pub-id-type="manuscript">Talks_2</article-id>
			<article-categories>
				<subj-group subj-group-type="category">
					<subject>Award Lecture</subject>
				</subj-group>
			</article-categories>
			<title-group>
				<article-title>Award Lecture: 2021 Tillyer Award Lecture: The Early Visual Encoding: Computations and Consequences</article-title>
			</title-group>
			<contrib-group>
                          
				<contrib contrib-type="author">
					<name>
						<surname>Brainard</surname>
						<given-names>David</given-names>
					</name>
                                        
					<xref ref-type="aff" rid="aff1"><sup>1</sup></xref>


				</contrib>




                          
				<aff id="aff1">
					<label><sup>1</sup></label>
					<institution>University of Pennsylvania</institution>
				</aff>


			</contrib-group>
			<pub-date pub-type="ppub"><month>9</month>
				<year>2023</year>
			</pub-date>
			<pub-date pub-type="epub"><month>9</month>
				<year>2023</year>
			</pub-date>
						<volume>23</volume>
						<issue>11</issue>
						<fpage>2</fpage>
						<lpage>2</lpage>
			<permissions>
				<license license-type="cc-by-nc-nd" xlink:href="http://creativecommons.org/licenses/by-nc-nd/4.0/">
					<license-p>This work is licensed under a Creative Commons Attribution-NonCommercial-NoDerivatives 4.0 International License.</license-p>
				</license>
			</permissions>
			<abstract>
				<p>The visual system takes sensory measurements of the light incident at the eyes and uses these to make perceptual inferences about external world. The sensory measurements do not preserve all of the information available in the light signal. One approach to understanding the implications of the initial stages of visual processing is ideal observer analysis, which evaluates the information available to support psychophysical discriminations at various stages of the early visual representation. We are interested in extending this type of analysis to take into account the statistical structure of natural images. To do so, we developed an open-source computational model of the initial visual encoding, ISETBio (isetbio.org). ISETBio incorporates specification of visual displays, retinal image formation through the eye&#39;s optics, spatio-spectral sampling by the retinal cone mosaic, Poisson noise in the cone photopigment excitations, transduction of excitations to photocurrent, and fixational eye movements. In this talk, I will introduce ISETBio and illustrate a set of insights it enables about visual processing by reviewing a number of computational examples. These examples will include ways that combining ISETBio with Bayesian image-reconstruction methods helps us understand how the interaction of the visual encoding and the statistical structure of natural images shapes visual performance.</p>
			</abstract>
		</article-meta>
	</front>
	<back>
                
               <fn-group>
			<fn>
				<p>Funding: Funding: None</p>
			</fn>
		</fn-group>

	</back>
</article>