<?xml version="1.0"?><!DOCTYPE article PUBLIC "-//NLM//DTD JATS (Z39.96) Journal Publishing DTD v1.0 20120330//EN" "http://jats.nlm.nih.gov/publishing/1.0/JATS-journalpublishing1.dtd">
<article xmlns:mml="http://www.w3.org/1998/Math/MathML" xmlns:xlink="http://www.w3.org/1999/xlink" article-type="Optica Fall Vision Meeting Abstract">
	<front>
		<journal-meta>
			<journal-id journal-id-type="hwp">jov</journal-id>
			<journal-id journal-id-type="publisher-id">JOVI</journal-id>
			<journal-title-group>
				<journal-title>Journal of Vision</journal-title>
			</journal-title-group>
			<issn pub-type="epub">1534-7362</issn>
			<publisher>
				<publisher-name>Association for Research in Vision and Ophthalmology</publisher-name>
			</publisher>
		</journal-meta>
		<article-meta>
			<article-id pub-id-type="doi">10.1167/jov.23.11.11</article-id>
			<article-id pub-id-type="manuscript">Talks_11</article-id>
			<article-categories>
				<subj-group subj-group-type="category">
					<subject>Contributed Session I</subject>
				</subj-group>
			</article-categories>
			<title-group>
				<article-title>Contributed Session I: Foveal RGCs develop abnormal calcium clearance weeks after photoreceptor ablation</article-title>
			</title-group>
			<contrib-group>
                          
				<contrib contrib-type="author">
					<name>
						<surname>Xu</surname>
						<given-names>Zhengyang</given-names>
					</name>
                                        
					<xref ref-type="aff" rid="aff1"><sup>1</sup></xref>


				</contrib>



				<contrib contrib-type="author">
					<name>
						<surname>Kunala</surname>
						<given-names>Karteek</given-names>
					</name>
                                        
					<xref ref-type="aff" rid="aff2"><sup>2</sup></xref>


				</contrib>



				<contrib contrib-type="author">
					<name>
						<surname>Murphy</surname>
						<given-names>Peter</given-names>
					</name>
                                        
					<xref ref-type="aff" rid="aff1"><sup>1</sup></xref>


				</contrib>



				<contrib contrib-type="author">
					<name>
						<surname>Koo</surname>
						<given-names>Edith</given-names>
					</name>
                                        
					<xref ref-type="aff" rid="aff1"><sup>1</sup></xref>


				</contrib>



				<contrib contrib-type="author">
					<name>
						<surname>Puthussery</surname>
						<given-names>Teresa</given-names>
					</name>
                                        
					<xref ref-type="aff" rid="aff3"><sup>3</sup></xref>


					<xref ref-type="aff" rid="aff4"><sup>4</sup></xref>


				</contrib>



				<contrib contrib-type="author">
					<name>
						<surname>McGregor</surname>
						<given-names>Juliette E.</given-names>
					</name>
                                        
					<xref ref-type="aff" rid="aff2"><sup>2</sup></xref>


					<xref ref-type="aff" rid="aff5"><sup>5</sup></xref>


				</contrib>




                          
				<aff id="aff1">
					<label><sup>1</sup></label>
					<institution>Institute of Optics, University of Rochester, Rochester, New York, UNITED STATES</institution>
				</aff>


				<aff id="aff2">
					<label><sup>2</sup></label>
					<institution>Center for Visual Science, University of Rochester Medical Center, Rochester, New York, UNITED STATES</institution>
				</aff>


				<aff id="aff3">
					<label><sup>3</sup></label>
					<institution>Herbert Wertheim School of Optometry &amp Vision Science, University of California Berkeley, Berkeley, California, UNITED STATES</institution>
				</aff>


				<aff id="aff4">
					<label><sup>4</sup></label>
					<institution>Helen Wills Neuroscience Institute, University of California Berkeley, Berkeley, California, UNITED STATES</institution>
				</aff>


				<aff id="aff5">
					<label><sup>5</sup></label>
					<institution>Flaum Eye Institute, University of Rochester Medical Center, Rochester, New York, UNITED STATES</institution>
				</aff>


			</contrib-group>
			<pub-date pub-type="ppub"><month>9</month>
				<year>2023</year>
			</pub-date>
			<pub-date pub-type="epub"><month>9</month>
				<year>2023</year>
			</pub-date>
						<volume>23</volume>
						<issue>11</issue>
						<fpage>11</fpage>
						<lpage>11</lpage>
			<permissions>
				<license license-type="cc-by-nc-nd" xlink:href="http://creativecommons.org/licenses/by-nc-nd/4.0/">
					<license-p>This work is licensed under a Creative Commons Attribution-NonCommercial-NoDerivatives 4.0 International License.</license-p>
				</license>
			</permissions>
			<abstract>
				<p>Vision restoration therapies aim to restore light sensitivity to the retina following photoreceptor (PR) degeneration. Physiological changes in retinal ganglion cells (RGCs) have been reported in rodent models of PR loss but this has not been investigated in primates. By expressing both a calcium indicator (GCaMP6s) and an optogenetic actuator (ChrimsonR) in foveal RGCs of a macaque, we reactivate RGCs and assess activity in the weeks and years following PR loss. Cones were ablated with an ultrafast laser delivered through an adaptive optics scanning light ophthalmoscope (AOSLO). A 0.5 s optogenetic stimulus (1 mW, 640 nm) was delivered to the deafferented RGCs, and GCaMP fluorescence was recorded for 90 s. The calcium response was collected with AOSLO over 10 weeks and the signal decay was fitted with an exponential model. Optogenetic responses in RGCs persisted over 2 years following PR ablation. The mean time to peak calcium response was stable in deafferented RGCs over the 10 weeks (paired t-test, p&lt;0.001), while the mean decay constant of the calcium response decreased 2.1 fold (2.5±0.5 s to 1.2±0.2 s SD) in the 8 weeks post PR ablation. The presence of optogenetic responses 2 years after PR loss and the stable rise time is promising for vision restoration therapies with RGCs. However, the 2-fold reduction in the decay constant of the calcium response suggests that restored activity may be impacted by physiological changes in the inner retina weeks after PR loss.</p>
			</abstract>
		</article-meta>
	</front>
	<back>
                
               <fn-group>
			<fn>
				<p>Funding: Funding: Funding from the AGI initiative NIH U24 EY033275, CVS core support from NIH P30 EY0001319 An unrestricted grant to the Flaum Eye Institute from Research to Prevent Blindness and the Steven. E. Feldon Scholarship from the Flaum Eye Institute</p>
			</fn>
		</fn-group>

	</back>
</article>