<?xml version="1.0"?><!DOCTYPE article PUBLIC "-//NLM//DTD JATS (Z39.96) Journal Publishing DTD v1.0 20120330//EN" "http://jats.nlm.nih.gov/publishing/1.0/JATS-journalpublishing1.dtd">
<article xmlns:mml="http://www.w3.org/1998/Math/MathML" xmlns:xlink="http://www.w3.org/1999/xlink" article-type="Optica Fall Vision Meeting Abstract">
	<front>
		<journal-meta>
			<journal-id journal-id-type="hwp">jov</journal-id>
			<journal-id journal-id-type="publisher-id">JOVI</journal-id>
			<journal-title-group>
				<journal-title>Journal of Vision</journal-title>
			</journal-title-group>
			<issn pub-type="epub">1534-7362</issn>
			<publisher>
				<publisher-name>Association for Research in Vision and Ophthalmology</publisher-name>
			</publisher>
		</journal-meta>
		<article-meta>
			<article-id pub-id-type="doi">10.1167/jov.23.11.51</article-id>
			<article-id pub-id-type="manuscript">Talks_51</article-id>
			<article-categories>
				<subj-group subj-group-type="category">
					<subject>Poster Session</subject>
				</subj-group>
			</article-categories>
			<title-group>
				<article-title>Poster Session: Chromatic Adaptation to Heterochromatic Illumination</article-title>
			</title-group>
			<contrib-group>
                          
				<contrib contrib-type="author">
					<name>
						<surname>Hellwig</surname>
						<given-names>Luke</given-names>
					</name>
                                        
					<xref ref-type="aff" rid="aff1"><sup>1</sup></xref>


				</contrib>



				<contrib contrib-type="author">
					<name>
						<surname>Fairchild</surname>
						<given-names>Mark D.</given-names>
					</name>
                                        
					<xref ref-type="aff" rid="aff1"><sup>1</sup></xref>


				</contrib>




                          
				<aff id="aff1">
					<label><sup>1</sup></label>
					<institution>Rochester Institute of Technology</institution>
				</aff>


			</contrib-group>
			<pub-date pub-type="ppub"><month>9</month>
				<year>2023</year>
			</pub-date>
			<pub-date pub-type="epub"><month>9</month>
				<year>2023</year>
			</pub-date>
						<volume>23</volume>
						<issue>11</issue>
						<fpage>51</fpage>
						<lpage>51</lpage>
			<permissions>
				<license license-type="cc-by-nc-nd" xlink:href="http://creativecommons.org/licenses/by-nc-nd/4.0/">
					<license-p>This work is licensed under a Creative Commons Attribution-NonCommercial-NoDerivatives 4.0 International License.</license-p>
				</license>
			</permissions>
			<abstract>
				<p>Heterochromatic viewing enviroments—where scenes are illuminated by two or more colors of light—are a common tool for experiments studying chromatic adaptation and color (in)constancy.  This study presents a new method for separating sensory (retina-based) chromatic adaptation from cognitive mechanisms in a heterochromatic viewing environment. Using a large, bipartite light booth lit by two separate 7-channel LED systems, observers were adapted to uniform and mixed illuminations of simulated illuminant A, illuminant D65, and 12000 K daylight. A psychophysical staircase method determined observers’ white points and their state of sensory adaptation along the daylight and Planckian loci under each heterochromatic or single-color lighting condition. Under heterochromatic conditions, observers’ state of chromatic adaptation fell in between the points of chromatic adaptation when adapted to each individual light source, although there was significant variation between observers. These results suggest that observers’ white points should be individually determined for studies of color perception in heterochromatic environments using methods similar to those used in this study. Further research will then allow us to model how cognitive discounting of the illumination color sits on top of the sensory adaptation measured here. </p>
			</abstract>
		</article-meta>
	</front>
	<back>
                
               <fn-group>
			<fn>
				<p>Funding: Funding: None</p>
			</fn>
		</fn-group>

	</back>
</article>