<?xml version="1.0"?><!DOCTYPE article PUBLIC "-//NLM//DTD JATS (Z39.96) Journal Publishing DTD v1.0 20120330//EN" "http://jats.nlm.nih.gov/publishing/1.0/JATS-journalpublishing1.dtd">
<article xmlns:mml="http://www.w3.org/1998/Math/MathML" xmlns:xlink="http://www.w3.org/1999/xlink" article-type="Optica Fall Vision Meeting Abstract">
	<front>
		<journal-meta>
			<journal-id journal-id-type="hwp">jov</journal-id>
			<journal-id journal-id-type="publisher-id">JOVI</journal-id>
			<journal-title-group>
				<journal-title>Journal of Vision</journal-title>
			</journal-title-group>
			<issn pub-type="epub">1534-7362</issn>
			<publisher>
				<publisher-name>Association for Research in Vision and Ophthalmology</publisher-name>
			</publisher>
		</journal-meta>
		<article-meta>
			<article-id pub-id-type="doi">10.1167/jov.23.11.34</article-id>
			<article-id pub-id-type="manuscript">Talks_34</article-id>
			<article-categories>
				<subj-group subj-group-type="category">
					<subject>Contributed Session III</subject>
				</subj-group>
			</article-categories>
			<title-group>
				<article-title>Contributed Session III: Preclinical & clinical evaluation of flavoprotein fluorescence as a label-free biomarker of retinal mitochondrial stress</article-title>
			</title-group>
			<contrib-group>
                          
				<contrib contrib-type="author">
					<name>
						<surname>Heaster</surname>
						<given-names>Tiffany</given-names>
					</name>
                                        
					<xref ref-type="aff" rid="aff1"><sup>1</sup></xref>


				</contrib>



				<contrib contrib-type="author">
					<name>
						<surname>Kim</surname>
						<given-names>Julia</given-names>
					</name>
                                        
					<xref ref-type="aff" rid="aff1"><sup>1</sup></xref>


				</contrib>



				<contrib contrib-type="author">
					<name>
						<surname>De Arrigunaga</surname>
						<given-names>Sofia</given-names>
					</name>
                                        
					<xref ref-type="aff" rid="aff2"><sup>2</sup></xref>


				</contrib>



				<contrib contrib-type="author">
					<name>
						<surname>Kang</surname>
						<given-names>Joyce</given-names>
					</name>
                                        
					<xref ref-type="aff" rid="aff2"><sup>2</sup></xref>


				</contrib>



				<contrib contrib-type="author">
					<name>
						<surname>Freeman</surname>
						<given-names>Sandra</given-names>
					</name>
                                        
					<xref ref-type="aff" rid="aff2"><sup>2</sup></xref>


				</contrib>



				<contrib contrib-type="author">
					<name>
						<surname>Lin</surname>
						<given-names>Michael</given-names>
					</name>
                                        
					<xref ref-type="aff" rid="aff2"><sup>2</sup></xref>


				</contrib>



				<contrib contrib-type="author">
					<name>
						<surname>Gao</surname>
						<given-names>Simon</given-names>
					</name>
                                        
					<xref ref-type="aff" rid="aff1"><sup>1</sup></xref>


				</contrib>



				<contrib contrib-type="author">
					<name>
						<surname>Friedman</surname>
						<given-names>David</given-names>
					</name>
                                        
					<xref ref-type="aff" rid="aff2"><sup>2</sup></xref>


				</contrib>



				<contrib contrib-type="author">
					<name>
						<surname>Chang</surname>
						<given-names>Dolly</given-names>
					</name>
                                        
					<xref ref-type="aff" rid="aff1"><sup>1</sup></xref>


				</contrib>



				<contrib contrib-type="author">
					<name>
						<surname>Elstrott</surname>
						<given-names>Justin</given-names>
					</name>
                                        
					<xref ref-type="aff" rid="aff1"><sup>1</sup></xref>


				</contrib>




                          
				<aff id="aff1">
					<label><sup>1</sup></label>
					<institution>Genentech</institution>
				</aff>


				<aff id="aff2">
					<label><sup>2</sup></label>
					<institution>Massachusetts Eye and Ear, Harvard Medical School</institution>
				</aff>


			</contrib-group>
			<pub-date pub-type="ppub"><month>9</month>
				<year>2023</year>
			</pub-date>
			<pub-date pub-type="epub"><month>9</month>
				<year>2023</year>
			</pub-date>
						<volume>23</volume>
						<issue>11</issue>
						<fpage>34</fpage>
						<lpage>34</lpage>
			<permissions>
				<license license-type="cc-by-nc-nd" xlink:href="http://creativecommons.org/licenses/by-nc-nd/4.0/">
					<license-p>This work is licensed under a Creative Commons Attribution-NonCommercial-NoDerivatives 4.0 International License.</license-p>
				</license>
			</permissions>
			<abstract>
				<p>Retinal oxidative stress is linked to the development and progression of various retinal diseases including AMD and glaucoma. In response to oxidative stress, flavoproteins within the electron transport chain become oxidized and autofluoresce upon blue light exposure. We investigated the specificity of flavoprotein fluorescence (FPF) to mitochondrial oxidative stress in retinal cells in vitro and its reliability as a clinical biomarker for longitudinal monitoring of glaucoma. Preclinical FPF evaluation assessed mitochondria-specific FPF and reactive oxygen species (ROS) in retinal cells via confocal microscopy to characterize response to injury and oxidative stress perturbations. FPF intensity was directly correlated with increased stress-induced mitochondrial ROS (R2=0.693), confirming FPF signal origin. Clinical FPF measurements were evaluated using the OcuMet Beacon, a noninvasive retinal metabolic imaging device. FPF images were collected at macular and peripapillary regions of patients with stable glaucoma or glaucoma suspects (n=52) during baseline and three-month follow-up visits. Macular and peripapillary FPF scores showed strong correlation between patient baseline and follow-up measurements (r=0.996, lens-adjusted r=0.937, 0.972). These results confirm the relationship between FPF and oxidative stress in retinal cells and highlight FPF as a reproducible clinical imaging biomarker, supporting further discovery in rodent disease models and additional patient cohorts.</p>
			</abstract>
		</article-meta>
	</front>
	<back>
                
               <fn-group>
			<fn>
				<p>Funding: Funding: Genentech</p>
			</fn>
		</fn-group>

	</back>
</article>