<?xml version="1.0"?><!DOCTYPE article PUBLIC "-//NLM//DTD JATS (Z39.96) Journal Publishing DTD v1.0 20120330//EN" "http://jats.nlm.nih.gov/publishing/1.0/JATS-journalpublishing1.dtd">
<article xmlns:mml="http://www.w3.org/1998/Math/MathML" xmlns:xlink="http://www.w3.org/1999/xlink" article-type="Optica Fall Vision Meeting Abstract">
	<front>
		<journal-meta>
			<journal-id journal-id-type="hwp">jov</journal-id>
			<journal-id journal-id-type="publisher-id">JOVI</journal-id>
			<journal-title-group>
				<journal-title>Journal of Vision</journal-title>
			</journal-title-group>
			<issn pub-type="epub">1534-7362</issn>
			<publisher>
				<publisher-name>Association for Research in Vision and Ophthalmology</publisher-name>
			</publisher>
		</journal-meta>
		<article-meta>
			<article-id pub-id-type="doi">10.1167/jov.23.11.37</article-id>
			<article-id pub-id-type="manuscript">Talks_37</article-id>
			<article-categories>
				<subj-group subj-group-type="category">
					<subject>Poster Session</subject>
				</subj-group>
			</article-categories>
			<title-group>
				<article-title>Poster Session: Retinal Changes Associated with Football-Related Concussions and Head Impacts</article-title>
			</title-group>
			<contrib-group>
                          
				<contrib contrib-type="author">
					<name>
						<surname>Atlas</surname>
						<given-names>Jason B.</given-names>
					</name>
                                        
					<xref ref-type="aff" rid="aff1"><sup>1</sup></xref>


				</contrib>



				<contrib contrib-type="author">
					<name>
						<surname>Young</surname>
						<given-names>Mia</given-names>
					</name>
                                        
					<xref ref-type="aff" rid="aff2"><sup>2</sup></xref>


				</contrib>



				<contrib contrib-type="author">
					<name>
						<surname>Bertolace</surname>
						<given-names>Lyvia</given-names>
					</name>
                                        
					<xref ref-type="aff" rid="aff2"><sup>2</sup></xref>


				</contrib>



				<contrib contrib-type="author">
					<name>
						<surname>Juskiewicz</surname>
						<given-names>Iwona</given-names>
					</name>
                                        
					<xref ref-type="aff" rid="aff2"><sup>2</sup></xref>


				</contrib>



				<contrib contrib-type="author">
					<name>
						<surname>Abrham</surname>
						<given-names>Yonaton</given-names>
					</name>
                                        
					<xref ref-type="aff" rid="aff2"><sup>2</sup></xref>


				</contrib>



				<contrib contrib-type="author">
					<name>
						<surname>Merchant-Borna</surname>
						<given-names>Kian</given-names>
					</name>
                                        
					<xref ref-type="aff" rid="aff2"><sup>2</sup></xref>


				</contrib>



				<contrib contrib-type="author">
					<name>
						<surname>Dermady</surname>
						<given-names>Sarah</given-names>
					</name>
                                        
					<xref ref-type="aff" rid="aff2"><sup>2</sup></xref>


				</contrib>



				<contrib contrib-type="author">
					<name>
						<surname>Keane</surname>
						<given-names>Brian</given-names>
					</name>
                                        
					<xref ref-type="aff" rid="aff3"><sup>3</sup></xref>


				</contrib>



				<contrib contrib-type="author">
					<name>
						<surname>Ramchandran</surname>
						<given-names>Rajeev S.</given-names>
					</name>
                                        
					<xref ref-type="aff" rid="aff4"><sup>4</sup></xref>


				</contrib>



				<contrib contrib-type="author">
					<name>
						<surname>Bazarian</surname>
						<given-names>Jeffrey</given-names>
					</name>
                                        
					<xref ref-type="aff" rid="aff5"><sup>5</sup></xref>


				</contrib>



				<contrib contrib-type="author">
					<name>
						<surname>Silverstein</surname>
						<given-names>Steven</given-names>
					</name>
                                        
					<xref ref-type="aff" rid="aff3"><sup>3</sup></xref>


				</contrib>




                          
				<aff id="aff1">
					<label><sup>1</sup></label>
					<institution>University of Rochester School of Medicine &amp Dentistry</institution>
				</aff>


				<aff id="aff2">
					<label><sup>2</sup></label>
					<institution>University of Rochester Medical Center</institution>
				</aff>


				<aff id="aff3">
					<label><sup>3</sup></label>
					<institution>University of Rochester Medical Center, Department of Psychiatry</institution>
				</aff>


				<aff id="aff4">
					<label><sup>4</sup></label>
					<institution>University of Rochester Medical Center, Department of Ophthalmology</institution>
				</aff>


				<aff id="aff5">
					<label><sup>5</sup></label>
					<institution>University of Rochester Medical Center, Department of Emergency Medicine</institution>
				</aff>


			</contrib-group>
			<pub-date pub-type="ppub"><month>9</month>
				<year>2023</year>
			</pub-date>
			<pub-date pub-type="epub"><month>9</month>
				<year>2023</year>
			</pub-date>
						<volume>23</volume>
						<issue>11</issue>
						<fpage>37</fpage>
						<lpage>37</lpage>
			<permissions>
				<license license-type="cc-by-nc-nd" xlink:href="http://creativecommons.org/licenses/by-nc-nd/4.0/">
					<license-p>This work is licensed under a Creative Commons Attribution-NonCommercial-NoDerivatives 4.0 International License.</license-p>
				</license>
			</permissions>
			<abstract>
				<p>This pilot study explored the sensitivity of retinal markers to CNS sequelae of concussive and subconcussive head hits. Three groups of college athletes were assessed at pre-season, post-season and 4-months later: Football players with a concussion history (FB+C) (n = 9), players without a concussion history (FB-C) (n = 11), and non-contact athletes (swimmers, track &amp field; Non-FB) (n = 12). Measures included optical coherence tomography (OCT), OCT angiography, electroretinography, and visual acuity testing. Head impacts during the season were tracked with in-helmet accelerometers. At pre-season, FB+C demonstrated thicker macular central subfields (CSF) (Hedge’s g (effect size) = 1.05, p = 0.02) and retinal nerve fiber layers (RNFL) (g = 0.81, p = 0.08), relative to other athletes. Differences in CSF thickness were also observed at post-season and follow-up (gs &gt; 1.00, ps &lt; 0.04), reflecting their non-short-term nature. RNFL was thicker in FB+C at post-season (g = 0.93, p = 0.06) but not later. Total head impacts during the season correlated with increases in CSF thickness from baseline to follow-up only (r = -0.53, p = 0.02). High intensity head impacts in particular correlated with increases in cup-to-disc ratio at post-season and follow-up (rs &gt; 0.53, ps &lt; 0.03). These data suggest that concussion history is associated with retinal changes that are not short-term, and that severe head impacts are associated with acute changes whose duration is not yet known.</p>
			</abstract>
		</article-meta>
	</front>
	<back>
                
               <fn-group>
			<fn>
				<p>Funding: Funding: The Schmitt Program on Integrative Neuroscience, in conjunction with the Del Monte Neuroscience Institute at the University of Rochester</p>
			</fn>
		</fn-group>

	</back>
</article>