<?xml version="1.0"?><!DOCTYPE article PUBLIC "-//NLM//DTD JATS (Z39.96) Journal Publishing DTD v1.0 20120330//EN" "http://jats.nlm.nih.gov/publishing/1.0/JATS-journalpublishing1.dtd">
<article xmlns:mml="http://www.w3.org/1998/Math/MathML" xmlns:xlink="http://www.w3.org/1999/xlink" article-type="Optica Fall Vision Meeting Abstract">
	<front>
		<journal-meta>
			<journal-id journal-id-type="hwp">jov</journal-id>
			<journal-id journal-id-type="publisher-id">JOVI</journal-id>
			<journal-title-group>
				<journal-title>Journal of Vision</journal-title>
			</journal-title-group>
			<issn pub-type="epub">1534-7362</issn>
			<publisher>
				<publisher-name>Association for Research in Vision and Ophthalmology</publisher-name>
			</publisher>
		</journal-meta>
		<article-meta>
			<article-id pub-id-type="doi">10.1167/jov.23.11.8</article-id>
			<article-id pub-id-type="manuscript">Talks_8</article-id>
			<article-categories>
				<subj-group subj-group-type="category">
					<subject>Contributed Session I</subject>
				</subj-group>
			</article-categories>
			<title-group>
				<article-title>Contributed Session I: Towards General Video Percepts Cone-by-Cone</article-title>
			</title-group>
			<contrib-group>
                          
				<contrib contrib-type="author">
					<name>
						<surname>Wang</surname>
						<given-names>Congli</given-names>
					</name>
                                        
					<xref ref-type="aff" rid="aff1"><sup>1</sup></xref>


				</contrib>



				<contrib contrib-type="author">
					<name>
						<surname>Fong</surname>
						<given-names>James</given-names>
					</name>
                                        
					<xref ref-type="aff" rid="aff1"><sup>1</sup></xref>


				</contrib>



				<contrib contrib-type="author">
					<name>
						<surname>Doyle</surname>
						<given-names>Hannah K.</given-names>
					</name>
                                        
					<xref ref-type="aff" rid="aff1"><sup>1</sup></xref>


				</contrib>



				<contrib contrib-type="author">
					<name>
						<surname>Herbeck</surname>
						<given-names>Sofie R.</given-names>
					</name>
                                        
					<xref ref-type="aff" rid="aff1"><sup>1</sup></xref>


				</contrib>



				<contrib contrib-type="author">
					<name>
						<surname>Tan</surname>
						<given-names>Jeffrey</given-names>
					</name>
                                        
					<xref ref-type="aff" rid="aff1"><sup>1</sup></xref>


				</contrib>



				<contrib contrib-type="author">
					<name>
						<surname>Roorda</surname>
						<given-names>Austin</given-names>
					</name>
                                        
					<xref ref-type="aff" rid="aff1"><sup>1</sup></xref>


				</contrib>



				<contrib contrib-type="author">
					<name>
						<surname>Ng</surname>
						<given-names>Ren</given-names>
					</name>
                                        
					<xref ref-type="aff" rid="aff1"><sup>1</sup></xref>


				</contrib>




                          
				<aff id="aff1">
					<label><sup>1</sup></label>
					<institution>University of California, Berkeley</institution>
				</aff>


			</contrib-group>
			<pub-date pub-type="ppub"><month>9</month>
				<year>2023</year>
			</pub-date>
			<pub-date pub-type="epub"><month>9</month>
				<year>2023</year>
			</pub-date>
						<volume>23</volume>
						<issue>11</issue>
						<fpage>8</fpage>
						<lpage>8</lpage>
			<permissions>
				<license license-type="cc-by-nc-nd" xlink:href="http://creativecommons.org/licenses/by-nc-nd/4.0/">
					<license-p>This work is licensed under a Creative Commons Attribution-NonCommercial-NoDerivatives 4.0 International License.</license-p>
				</license>
			</permissions>
			<abstract>
				<p>We aim to reprogram visual perception through an Adaptive Optics Scanning Laser Ophthalmoscope (AOSLO) Display, using a GPU renderer that rasterizes a target color image or video into cone-by-cone single-wavelength laser light pulses (&#34;microdoses&#34;). We imaged and tracked at ~ 2° eccentricity a 0.9° x 0.9° field of view of the retina in 840 nm. Stimulated in 543 nm, all resolved, spectrally classified cones receive microdoses of varying intensities. The renderer updates for each AOSLO frame (30 frames / sec) an underlying stimulation image buffer, encoding a desired color percept pattern that takes into account the cone locations, cone spectral sensitivity to the 543 nm stimulation light, and the corresponding color percept pixel values. Within one frame, the buffer gets pixelated strip-by-strip at 1 kHz into actual world-fixed microdose intensity values, each centered on a cone within that strip at that instant. The resulting frame of microdoses visually occupies the whole raster view. We showed multiple color percepts to a cone-classified subject, with logging data. The subject saw spatially-varying colors, e.g. a red box moving on a green canvas – these percepts validated the accuracy of the prototype. These initial prototyping experiments allude to the potential of presenting general percepts to a cone-classified subject, at cone-level accuracy in a fully programmable way. The technology allows us to probe neural plasticity and towards generation of novel percepts.</p>
			</abstract>
		</article-meta>
	</front>
	<back>
                
               <fn-group>
			<fn>
				<p>Funding: Funding: This work was supported by the Air Force Office of Scientific Research under award numbers FA9550-20-1-0195 and FA9550-21-1-0230.</p>
			</fn>
		</fn-group>

	</back>
</article>