<?xml version="1.0"?><!DOCTYPE article PUBLIC "-//NLM//DTD JATS (Z39.96) Journal Publishing DTD v1.0 20120330//EN" "http://jats.nlm.nih.gov/publishing/1.0/JATS-journalpublishing1.dtd">
<article xmlns:mml="http://www.w3.org/1998/Math/MathML" xmlns:xlink="http://www.w3.org/1999/xlink" article-type="Optica Fall Vision Meeting Abstract">
	<front>
		<journal-meta>
			<journal-id journal-id-type="hwp">jov</journal-id>
			<journal-id journal-id-type="publisher-id">JOVI</journal-id>
			<journal-title-group>
				<journal-title>Journal of Vision</journal-title>
			</journal-title-group>
			<issn pub-type="epub">1534-7362</issn>
			<publisher>
				<publisher-name>Association for Research in Vision and Ophthalmology</publisher-name>
			</publisher>
		</journal-meta>
		<article-meta>
			<article-id pub-id-type="doi">10.1167/jov.23.11.71</article-id>
			<article-id pub-id-type="manuscript">Talks_71</article-id>
			<article-categories>
				<subj-group subj-group-type="category">
					<subject>Poster Session</subject>
				</subj-group>
			</article-categories>
			<title-group>
				<article-title>Poster Session: Threshold versus intensity curves measured with a new high-brightness display system</article-title>
			</title-group>
			<contrib-group>
                          
				<contrib contrib-type="author">
					<name>
						<surname>Taveras-Cruz</surname>
						<given-names>Yesenia</given-names>
					</name>
                                        
					<xref ref-type="aff" rid="aff1"><sup>1</sup></xref>


				</contrib>



				<contrib contrib-type="author">
					<name>
						<surname>Eskew Jr.</surname>
						<given-names>Rhea T.</given-names>
					</name>
                                        
					<xref ref-type="aff" rid="aff1"><sup>1</sup></xref>


				</contrib>




                          
				<aff id="aff1">
					<label><sup>1</sup></label>
					<institution>Northeastern University, Boston, MA</institution>
				</aff>


			</contrib-group>
			<pub-date pub-type="ppub"><month>9</month>
				<year>2023</year>
			</pub-date>
			<pub-date pub-type="epub"><month>9</month>
				<year>2023</year>
			</pub-date>
						<volume>23</volume>
						<issue>11</issue>
						<fpage>71</fpage>
						<lpage>71</lpage>
			<permissions>
				<license license-type="cc-by-nc-nd" xlink:href="http://creativecommons.org/licenses/by-nc-nd/4.0/">
					<license-p>This work is licensed under a Creative Commons Attribution-NonCommercial-NoDerivatives 4.0 International License.</license-p>
				</license>
			</permissions>
			<abstract>
				<p>Classical threshold vs. intensity (tvi) curves were measured using optical systems and were generally limited to increment test stimuli and relatively simple spatial patterns. Modern displays provide more flexibility in terms of stimuli spatial profiles but are usually dim enough that there may be rod intrusion when measuring cone responses. Here we describe a high-brightness display system and present tvi’s for increment and decrement achromatic tests. The system consists of a PROPixx three-chip DLP LED color projector (VPixx Technologies, Saint-Bruno, Canada) controlled via a Datapixx display driver, with 12-bit digital to analog conversion per RGB channel. Light from the projector is collected in a large diameter lens and focused on high gain rear projection screen. Retinal illuminance of the background may be varied in three ways: (a) varying the mean current supplied to the LEDs from the controller (adjustable in software); (b) using calibrated neutral density filters mounted near the eye; and (c) changing the midpoint of the RGB channels in software (e.g., making the white background as R=G=B=0.1 instead of 0.5). Method (c) is made easier by the fact that the PROPixx “gamma curve” is linear, which also means that no RGB bits are lost to gamma correction. We will show thresholds for achromatic tests on a white background varying from 0.56 to 4.03 log trolands, with preliminary results suggesting differences in the tvi curves between the increment and decrement tests.</p>
			</abstract>
		</article-meta>
	</front>
	<back>
                
               <fn-group>
			<fn>
				<p>Funding: Funding: This work was supported by NSF BCS-1921771</p>
			</fn>
		</fn-group>

	</back>
</article>