<?xml version="1.0"?><!DOCTYPE article PUBLIC "-//NLM//DTD JATS (Z39.96) Journal Publishing DTD v1.0 20120330//EN" "http://jats.nlm.nih.gov/publishing/1.0/JATS-journalpublishing1.dtd">
<article xmlns:mml="http://www.w3.org/1998/Math/MathML" xmlns:xlink="http://www.w3.org/1999/xlink" article-type="Optica Fall Vision Meeting Abstract">
	<front>
		<journal-meta>
			<journal-id journal-id-type="hwp">jov</journal-id>
			<journal-id journal-id-type="publisher-id">JOVI</journal-id>
			<journal-title-group>
				<journal-title>Journal of Vision</journal-title>
			</journal-title-group>
			<issn pub-type="epub">1534-7362</issn>
			<publisher>
				<publisher-name>Association for Research in Vision and Ophthalmology</publisher-name>
			</publisher>
		</journal-meta>
		<article-meta>
			<article-id pub-id-type="doi">10.1167/jov.23.11.24</article-id>
			<article-id pub-id-type="manuscript">Talks_24</article-id>
			<article-categories>
				<subj-group subj-group-type="category">
					<subject>Invited Session IV: Studies of the visual cortex with sub-millimeter resolution</subject>
				</subj-group>
			</article-categories>
			<title-group>
				<article-title>Invited Session IV: Studies of the visual cortex with sub-millimeter resolution: Imaging the visual brain at high spatiotemporal resolution</article-title>
			</title-group>
			<contrib-group>
                          
				<contrib contrib-type="author">
					<name>
						<surname>Ji</surname>
						<given-names>Na</given-names>
					</name>
                                        
					<xref ref-type="aff" rid="aff1"><sup>1</sup></xref>


				</contrib>




                          
				<aff id="aff1">
					<label><sup>1</sup></label>
					<institution>University of California, Berkeley</institution>
				</aff>


			</contrib-group>
			<pub-date pub-type="ppub"><month>9</month>
				<year>2023</year>
			</pub-date>
			<pub-date pub-type="epub"><month>9</month>
				<year>2023</year>
			</pub-date>
						<volume>23</volume>
						<issue>11</issue>
						<fpage>24</fpage>
						<lpage>24</lpage>
			<permissions>
				<license license-type="cc-by-nc-nd" xlink:href="http://creativecommons.org/licenses/by-nc-nd/4.0/">
					<license-p>This work is licensed under a Creative Commons Attribution-NonCommercial-NoDerivatives 4.0 International License.</license-p>
				</license>
			</permissions>
			<abstract>
				<p>Since the discovery of orientation-selective neurons in the cat primary visual cortex (V1), how the mammalian nervous system computes the orientation of visual stimuli has been a flagship question in neuroscience. With the recent advances in in vivo imaging of neural activity using genetically encoded indicators and two-photon fluorescence microscopy, we can now achieve synapse-resolving functional imaging and kilohertz imaging of membrane voltage in the mouse V1. I will describe our recent advancements in imaging visual processing at high spatiotemporal resolution, as well as two studies on the orientation selectivity of neurons in the mouse visual pathway. </p>
			</abstract>
		</article-meta>
	</front>
	<back>
                
               <fn-group>
			<fn>
				<p>Funding: Funding: None</p>
			</fn>
		</fn-group>

	</back>
</article>