<?xml version="1.0"?><!DOCTYPE article PUBLIC "-//NLM//DTD JATS (Z39.96) Journal Publishing DTD v1.0 20120330//EN" "http://jats.nlm.nih.gov/publishing/1.0/JATS-journalpublishing1.dtd">
<article xmlns:mml="http://www.w3.org/1998/Math/MathML" xmlns:xlink="http://www.w3.org/1999/xlink" article-type="Optica Fall Vision Meeting Abstract">
	<front>
		<journal-meta>
			<journal-id journal-id-type="hwp">jov</journal-id>
			<journal-id journal-id-type="publisher-id">JOVI</journal-id>
			<journal-title-group>
				<journal-title>Journal of Vision</journal-title>
			</journal-title-group>
			<issn pub-type="epub">1534-7362</issn>
			<publisher>
				<publisher-name>Association for Research in Vision and Ophthalmology</publisher-name>
			</publisher>
		</journal-meta>
		<article-meta>
			<article-id pub-id-type="doi">10.1167/jov.23.11.69</article-id>
			<article-id pub-id-type="manuscript">Talks_69</article-id>
			<article-categories>
				<subj-group subj-group-type="category">
					<subject>Poster Session</subject>
				</subj-group>
			</article-categories>
			<title-group>
				<article-title>Poster Session: Perceptual scaling and natural image statistics</article-title>
			</title-group>
			<contrib-group>
                          
				<contrib contrib-type="author">
					<name>
						<surname>Shareef</surname>
						<given-names>Idris</given-names>
					</name>
                                        
					<xref ref-type="aff" rid="aff1"><sup>1</sup></xref>


				</contrib>



				<contrib contrib-type="author">
					<name>
						<surname>Kuppuswamy Parthasarathy</surname>
						<given-names>Mohana</given-names>
					</name>
                                        
					<xref ref-type="aff" rid="aff1"><sup>1</sup></xref>


				</contrib>



				<contrib contrib-type="author">
					<name>
						<surname>Isherwood</surname>
						<given-names>Zoey J</given-names>
					</name>
                                        
					<xref ref-type="aff" rid="aff1"><sup>1</sup></xref>


				</contrib>



				<contrib contrib-type="author">
					<name>
						<surname>Webster</surname>
						<given-names>Michael A</given-names>
					</name>
                                        
					<xref ref-type="aff" rid="aff1"><sup>1</sup></xref>


				</contrib>




                          
				<aff id="aff1">
					<label><sup>1</sup></label>
					<institution>Department of Psychology, University of Nevada, Reno, Reno NV 89557</institution>
				</aff>


			</contrib-group>
			<pub-date pub-type="ppub"><month>9</month>
				<year>2023</year>
			</pub-date>
			<pub-date pub-type="epub"><month>9</month>
				<year>2023</year>
			</pub-date>
						<volume>23</volume>
						<issue>11</issue>
						<fpage>69</fpage>
						<lpage>69</lpage>
			<permissions>
				<license license-type="cc-by-nc-nd" xlink:href="http://creativecommons.org/licenses/by-nc-nd/4.0/">
					<license-p>This work is licensed under a Creative Commons Attribution-NonCommercial-NoDerivatives 4.0 International License.</license-p>
				</license>
			</permissions>
			<abstract>
				<p>Visual coding is thought to be matched to many of the properties of the natural visual environment, such as the characteristic amplitude spectra or fractal geometry of natural scenes. This match has been probed in a wide variety of ways. Here we used the paradigm of “maximum likelihood difference scaling” (MLDS, Maloney and Knoblauch Ann Rev Vis Sci 2020) to explore the perceptual representation of the spatial structure of images. The MLDS task involves presenting pairs of images drawn from different levels along a dimension and judging which pair has greater difference. In our case the stimulus dimension corresponded to the slope of the image amplitude spectrum. Grayscale noise images were filtered to form a range of slopes from 0 to -2 in steps of 0.2. Further image arrays were generated by first binarizing the image intensities and then extracting only the edges to isolate the fractal structure (corresponding to fractal dimension range from 1 to 2 in steps of 0.1). For each array the MLDS task was used to estimate the perceived differences. Scaling for fractal dimension did not differentially favor natural fractal values. However for the amplitude spectra, the derived perceptual scales tended to be steeper for intermediate levels of the array and shallower for both strongly blurred or sharpened levels, consistent with greater perceptual salience for image differences that have more naturalistic spectra.</p>
			</abstract>
		</article-meta>
	</front>
	<back>
                
               <fn-group>
			<fn>
				<p>Funding: Funding: EY-010834</p>
			</fn>
		</fn-group>

	</back>
</article>