<?xml version="1.0"?><!DOCTYPE article PUBLIC "-//NLM//DTD JATS (Z39.96) Journal Publishing DTD v1.0 20120330//EN" "http://jats.nlm.nih.gov/publishing/1.0/JATS-journalpublishing1.dtd">
<article xmlns:mml="http://www.w3.org/1998/Math/MathML" xmlns:xlink="http://www.w3.org/1999/xlink" article-type="Optica Fall Vision Meeting Abstract">
	<front>
		<journal-meta>
			<journal-id journal-id-type="hwp">jov</journal-id>
			<journal-id journal-id-type="publisher-id">JOVI</journal-id>
			<journal-title-group>
				<journal-title>Journal of Vision</journal-title>
			</journal-title-group>
			<issn pub-type="epub">1534-7362</issn>
			<publisher>
				<publisher-name>Association for Research in Vision and Ophthalmology</publisher-name>
			</publisher>
		</journal-meta>
		<article-meta>
			<article-id pub-id-type="doi">10.1167/jov.23.11.73</article-id>
			<article-id pub-id-type="manuscript">Talks_73</article-id>
			<article-categories>
				<subj-group subj-group-type="category">
					<subject>Poster Session</subject>
				</subj-group>
			</article-categories>
			<title-group>
				<article-title>Poster Session: Optical coherence elastography for In situ measurement of stiffness increase in posterior sclera after crosslinking </article-title>
			</title-group>
			<contrib-group>
                          
				<contrib contrib-type="author">
					<name>
						<surname>Vinas-Pena</surname>
						<given-names>Maria</given-names>
					</name>
                                        
					<xref ref-type="aff" rid="aff1"><sup>1</sup></xref>


				</contrib>



				<contrib contrib-type="author">
					<name>
						<surname>FENG</surname>
						<given-names>Xu</given-names>
					</name>
                                        
					<xref ref-type="aff" rid="aff1"><sup>1</sup></xref>


				</contrib>



				<contrib contrib-type="author">
					<name>
						<surname>Li</surname>
						<given-names>Guoyang</given-names>
					</name>
                                        
					<xref ref-type="aff" rid="aff1"><sup>1</sup></xref>


				</contrib>



				<contrib contrib-type="author">
					<name>
						<surname>Yun</surname>
						<given-names>SEOK-HYUN </given-names>
					</name>
                                        
					<xref ref-type="aff" rid="aff1"><sup>1</sup></xref>


				</contrib>




                          
				<aff id="aff1">
					<label><sup>1</sup></label>
					<institution>Wellman Center for Photomedicine and Harvard Medical School, Massachusetts General Hospital, Boston, MA, USA.</institution>
				</aff>


			</contrib-group>
			<pub-date pub-type="ppub"><month>9</month>
				<year>2023</year>
			</pub-date>
			<pub-date pub-type="epub"><month>9</month>
				<year>2023</year>
			</pub-date>
						<volume>23</volume>
						<issue>11</issue>
						<fpage>73</fpage>
						<lpage>73</lpage>
			<permissions>
				<license license-type="cc-by-nc-nd" xlink:href="http://creativecommons.org/licenses/by-nc-nd/4.0/">
					<license-p>This work is licensed under a Creative Commons Attribution-NonCommercial-NoDerivatives 4.0 International License.</license-p>
				</license>
			</permissions>
			<abstract>
				<p>During eye growth, scleral development critically determine eye size and thus the refractive status of the eye. Scleral remodeling in myopia includes scleral thinning, loss of scleral tissue, and  weakening of the mechanical properties. Therefore, an intervention aiming at stiffening scleral tissues (crosslinking, SCXL) may provide a way to prevent or treat myopia. The development of SCXL requires tools to evaluate the effects of crosslinking on the mechanical properties of tissues, particularly in sclera where the mechanical properties are more spatially heterogeneous than in the cornea, anisotropic, and varying locally from the anterior to posterior regions.
Here, we apply the high-frequency OCE technique to measure the heterogeneous mechanical properties of posterior scleral tissues and, evaluate the changes in shear moduli after SCXL. As a model system, we use ex vivo in porcine eyes and riboflavin-assisted UV crosslinking. From measured elastic wave speeds (6-16kHz), the average out-of-plane shear modulus was 0.71±0.12MPa (n=20) for normal scleras. After treatment, the shear modulus increased to 1.50±0.39MPa. This 2-fold change was consistent with the increase of static Young’s modulus from 5.5±.1 to 9.3±1.9MPa after crosslinking, using conventional uniaxial extensometry. OCE revealed regional stiffness differences across the temporal, nasal, and deeper posterior sclera, demonstrating its potential as a noninvasive tool to test the effect of scleral crosslinking.
</p>
			</abstract>
		</article-meta>
	</front>
	<back>
                
               <fn-group>
			<fn>
				<p>Funding: Funding: This research has received funding from the European Union's Horizon 2020 Research and Innovation Program under the Marie Sklodowska-Curie grant agreement H2020-MSCA-IF-GF-2019-MYOMICRO-893557 to MV and grants from the U.S. National Institutes of Health (R01-EB027653 and R42-EY028820).</p>
			</fn>
		</fn-group>

	</back>
</article>