<?xml version="1.0"?><!DOCTYPE article PUBLIC "-//NLM//DTD JATS (Z39.96) Journal Publishing DTD v1.0 20120330//EN" "http://jats.nlm.nih.gov/publishing/1.0/JATS-journalpublishing1.dtd">
<article xmlns:mml="http://www.w3.org/1998/Math/MathML" xmlns:xlink="http://www.w3.org/1999/xlink" article-type="Optica Fall Vision Meeting Abstract">
	<front>
		<journal-meta>
			<journal-id journal-id-type="hwp">jov</journal-id>
			<journal-id journal-id-type="publisher-id">JOVI</journal-id>
			<journal-title-group>
				<journal-title>Journal of Vision</journal-title>
			</journal-title-group>
			<issn pub-type="epub">1534-7362</issn>
			<publisher>
				<publisher-name>Association for Research in Vision and Ophthalmology</publisher-name>
			</publisher>
		</journal-meta>
		<article-meta>
			<article-id pub-id-type="doi">10.1167/jov.23.11.76</article-id>
			<article-id pub-id-type="manuscript">Talks_76</article-id>
			<article-categories>
				<subj-group subj-group-type="category">
					<subject>Poster Session</subject>
				</subj-group>
			</article-categories>
			<title-group>
				<article-title>Poster Session: Optoretinography-based frequency characterization of the retinal response to a chirped flickering light</article-title>
			</title-group>
			<contrib-group>
                          
				<contrib contrib-type="author">
					<name>
						<surname>Wegrzyn</surname>
						<given-names>Piotr Franciszek</given-names>
					</name>
                                        
					<xref ref-type="aff" rid="aff1"><sup>1</sup></xref>


				</contrib>



				<contrib contrib-type="author">
					<name>
						<surname>Tomczewski</surname>
						<given-names>Sławomir</given-names>
					</name>
                                        
					<xref ref-type="aff" rid="aff2"><sup>2</sup></xref>


				</contrib>



				<contrib contrib-type="author">
					<name>
						<surname>Borycki</surname>
						<given-names>Dawid</given-names>
					</name>
                                        
					<xref ref-type="aff" rid="aff2"><sup>2</sup></xref>


				</contrib>



				<contrib contrib-type="author">
					<name>
						<surname>Wojtkowski</surname>
						<given-names>Maciej</given-names>
					</name>
                                        
					<xref ref-type="aff" rid="aff2"><sup>2</sup></xref>


				</contrib>



				<contrib contrib-type="author">
					<name>
						<surname>Curatolo</surname>
						<given-names>Andrea</given-names>
					</name>
                                        
					<xref ref-type="aff" rid="aff2"><sup>2</sup></xref>


				</contrib>




                          
				<aff id="aff1">
					<label><sup>1</sup></label>
					<institution>ICTER – International Centre for Translational Eye Research</institution>
				</aff>


				<aff id="aff2">
					<label><sup>2</sup></label>
					<institution>ICTER – International Centre for Translational Eye Research</institution>
				</aff>


			</contrib-group>
			<pub-date pub-type="ppub"><month>9</month>
				<year>2023</year>
			</pub-date>
			<pub-date pub-type="epub"><month>9</month>
				<year>2023</year>
			</pub-date>
						<volume>23</volume>
						<issue>11</issue>
						<fpage>76</fpage>
						<lpage>76</lpage>
			<permissions>
				<license license-type="cc-by-nc-nd" xlink:href="http://creativecommons.org/licenses/by-nc-nd/4.0/">
					<license-p>This work is licensed under a Creative Commons Attribution-NonCommercial-NoDerivatives 4.0 International License.</license-p>
				</license>
			</permissions>
			<abstract>
				<p>In this contribution, we present experimental results of in vivo characterization of the photoreceptor&#39;s response to a chirped flickering white light stimulating the retina. We acquire the ORG signal with Spatio-Temporal Optical Coherence Tomography (STOC-T) setup, which combines both temporal and coherence gating to overcome limitations present in Full Field Fourier Domain Optical Coherence Tomography. From the acquired volumes, we extract the changes in optical path length (OPL) between the inner and outer photoreceptor junction (ISOS) and the cone outer segment tips (COST). We perform the measurements for frequencies ranging from 5 Hz to 50 Hz. The chirped flickering facilitates significantly shorter data acquisition time. We present results of in vivo measurement from three volunteers. Our results show that we can measure OPL changes between ISOS and COST occurring in response to a chirped flickering stimulation in a reproducible manner and resolve the amplitude of the response in the function of flicker frequency.</p>
			</abstract>
		</article-meta>
	</front>
	<back>
                
               <fn-group>
			<fn>
				<p>Funding: Funding: Foundation for Polish Science (MAB/2019/12): The International Centre for Translational Eye Research (MAB/2019/12) project is carried out within the International Research Agendas Programme of the Foundation for Polish Science, co-financed by the European Union under the European Regional Development Fund. National Science Center: 2016/22/A/ST2/00313 and 2020/38/L/ST2/00556</p>
			</fn>
		</fn-group>

	</back>
</article>