<?xml version="1.0"?><!DOCTYPE article PUBLIC "-//NLM//DTD JATS (Z39.96) Journal Publishing DTD v1.0 20120330//EN" "http://jats.nlm.nih.gov/publishing/1.0/JATS-journalpublishing1.dtd">
<article xmlns:mml="http://www.w3.org/1998/Math/MathML" xmlns:xlink="http://www.w3.org/1999/xlink" article-type="Optica Fall Vision Meeting Abstract">
	<front>
		<journal-meta>
			<journal-id journal-id-type="hwp">jov</journal-id>
			<journal-id journal-id-type="publisher-id">JOVI</journal-id>
			<journal-title-group>
				<journal-title>Journal of Vision</journal-title>
			</journal-title-group>
			<issn pub-type="epub">1534-7362</issn>
			<publisher>
				<publisher-name>Association for Research in Vision and Ophthalmology</publisher-name>
			</publisher>
		</journal-meta>
		<article-meta>
			<article-id pub-id-type="doi">10.1167/jov.23.11.32</article-id>
			<article-id pub-id-type="manuscript">Talks_32</article-id>
			<article-categories>
				<subj-group subj-group-type="category">
					<subject>Contributed Session III</subject>
				</subj-group>
			</article-categories>
			<title-group>
				<article-title>Contributed Session III: In vivo calcium imaging of macaque foveolar retinal ganglion cells reveals spatiochromatic receptive field properties</article-title>
			</title-group>
			<contrib-group>
                          
				<contrib contrib-type="author">
					<name>
						<surname>Godat</surname>
						<given-names>Tyler</given-names>
					</name>
                                        
					<xref ref-type="aff" rid="aff1"><sup>1</sup></xref>


				</contrib>



				<contrib contrib-type="author">
					<name>
						<surname>Cottaris</surname>
						<given-names>Nicolas P.</given-names>
					</name>
                                        
					<xref ref-type="aff" rid="aff2"><sup>2</sup></xref>


				</contrib>



				<contrib contrib-type="author">
					<name>
						<surname>Patterson</surname>
						<given-names>Sara</given-names>
					</name>
                                        
					<xref ref-type="aff" rid="aff1"><sup>1</sup></xref>


				</contrib>



				<contrib contrib-type="author">
					<name>
						<surname>Kohout</surname>
						<given-names>Kendall</given-names>
					</name>
                                        
					<xref ref-type="aff" rid="aff1"><sup>1</sup></xref>


				</contrib>



				<contrib contrib-type="author">
					<name>
						<surname>Parkins</surname>
						<given-names>Keith</given-names>
					</name>
                                        
					<xref ref-type="aff" rid="aff1"><sup>1</sup></xref>


				</contrib>



				<contrib contrib-type="author">
					<name>
						<surname>Yang</surname>
						<given-names>Qiang</given-names>
					</name>
                                        
					<xref ref-type="aff" rid="aff1"><sup>1</sup></xref>


				</contrib>



				<contrib contrib-type="author">
					<name>
						<surname>Strazzeri</surname>
						<given-names>Jennifer M.</given-names>
					</name>
                                        
					<xref ref-type="aff" rid="aff3"><sup>3</sup></xref>


				</contrib>



				<contrib contrib-type="author">
					<name>
						<surname>McGregor</surname>
						<given-names>Juliette E.</given-names>
					</name>
                                        
					<xref ref-type="aff" rid="aff1"><sup>1</sup></xref>


				</contrib>



				<contrib contrib-type="author">
					<name>
						<surname>Brainard</surname>
						<given-names>David H.</given-names>
					</name>
                                        
					<xref ref-type="aff" rid="aff2"><sup>2</sup></xref>


				</contrib>



				<contrib contrib-type="author">
					<name>
						<surname>Merigan</surname>
						<given-names>William H.</given-names>
					</name>
                                        
					<xref ref-type="aff" rid="aff1"><sup>1</sup></xref>


				</contrib>



				<contrib contrib-type="author">
					<name>
						<surname>Williams</surname>
						<given-names>David R.</given-names>
					</name>
                                        
					<xref ref-type="aff" rid="aff1"><sup>1</sup></xref>


				</contrib>




                          
				<aff id="aff1">
					<label><sup>1</sup></label>
					<institution>University of Rochester</institution>
				</aff>


				<aff id="aff2">
					<label><sup>2</sup></label>
					<institution>University of Pennsylvania</institution>
				</aff>


				<aff id="aff3">
					<label><sup>3</sup></label>
					<institution>University of Rochester Medical Center</institution>
				</aff>


			</contrib-group>
			<pub-date pub-type="ppub"><month>9</month>
				<year>2023</year>
			</pub-date>
			<pub-date pub-type="epub"><month>9</month>
				<year>2023</year>
			</pub-date>
						<volume>23</volume>
						<issue>11</issue>
						<fpage>32</fpage>
						<lpage>32</lpage>
			<permissions>
				<license license-type="cc-by-nc-nd" xlink:href="http://creativecommons.org/licenses/by-nc-nd/4.0/">
					<license-p>This work is licensed under a Creative Commons Attribution-NonCommercial-NoDerivatives 4.0 International License.</license-p>
				</license>
			</permissions>
			<abstract>
				<p>Here, we optically record responses to spatial and chromatic stimuli using a calcium indicator in the living macaque eye to characterize the receptive field (RF) properties of retinal ganglion cells (RGCs) serving the foveal center. GCaMP6s was expressed in three female macaques. Adaptive optics ophthalmoscopy was used to image fluorescence (488nm ex, 520/35nm em) from RGCs whose RF centers were driven by cones in the central 36 arcmin of the fovea and additional RGCs driven by cones in the central 6 arcmin of the foveola. Using cone isolating and luminance flicker (1.3deg, 0.15Hz, LED 420nm, 530nm, 660nm), we derived cone weights in over 250 RGCs. Using drifting gratings (1.9deg, 6Hz, 4-50c/deg, 561nm), we derived the spatial frequency responses of 15 L vs. M cone opponent RGCs at the foveolar center. Employing computational modeling (ISETbio), we inferred the full spatial difference of gaussians center and surround structure for those 15 cells. Of the 34 foveolar RGCs, 44% exhibited L vs. M cone opponency, 15% were L+M ON, 6% were -L-M OFF, and 35% showed only L or only M responses. The spatial frequency response functions of 12/15 L vs. M opponent cells peaked at high spatial frequencies (25-40c/deg) and had a strong bandpass characteristic. Our model indicates that the responses of all 15 L vs. M opponent cells are consistent with single cone input to their RF centers and that our data are consistent with extrafoveal data when the blurring of the optics is accounted for.</p>
			</abstract>
		</article-meta>
	</front>
	<back>
                
               <fn-group>
			<fn>
				<p>Funding: Funding: This work was supported by the National Eye Institute through grants NIH EY007125, NIH U01EY025497, NIH EY031467, NIH EY021166, and through an unrestricted grant to the Flaum Eye Institute from Research to Prevent Blindness.</p>
			</fn>
		</fn-group>

	</back>
</article>