<?xml version="1.0"?><!DOCTYPE article PUBLIC "-//NLM//DTD JATS (Z39.96) Journal Publishing DTD v1.0 20120330//EN" "http://jats.nlm.nih.gov/publishing/1.0/JATS-journalpublishing1.dtd">
<article xmlns:mml="http://www.w3.org/1998/Math/MathML" xmlns:xlink="http://www.w3.org/1999/xlink" article-type="Optica Fall Vision Meeting Abstract">
	<front>
		<journal-meta>
			<journal-id journal-id-type="hwp">jov</journal-id>
			<journal-id journal-id-type="publisher-id">JOVI</journal-id>
			<journal-title-group>
				<journal-title>Journal of Vision</journal-title>
			</journal-title-group>
			<issn pub-type="epub">1534-7362</issn>
			<publisher>
				<publisher-name>Association for Research in Vision and Ophthalmology</publisher-name>
			</publisher>
		</journal-meta>
		<article-meta>
			<article-id pub-id-type="doi">10.1167/jov.23.11.16</article-id>
			<article-id pub-id-type="manuscript">Talks_16</article-id>
			<article-categories>
				<subj-group subj-group-type="category">
					<subject>Invited Session III: Neural network models of the visual system</subject>
				</subj-group>
			</article-categories>
			<title-group>
				<article-title>Invited Session III: Neural network models of the visual system: Exploring the function of different forms of visual recurrence with artificial neural networks</article-title>
			</title-group>
			<contrib-group>
                          
				<contrib contrib-type="author">
					<name>
						<surname>Lindsay</surname>
						<given-names>Grace</given-names>
					</name>
                                        
					<xref ref-type="aff" rid="aff1"><sup>1</sup></xref>


				</contrib>




                          
				<aff id="aff1">
					<label><sup>1</sup></label>
					<institution>New York University</institution>
				</aff>


			</contrib-group>
			<pub-date pub-type="ppub"><month>9</month>
				<year>2023</year>
			</pub-date>
			<pub-date pub-type="epub"><month>9</month>
				<year>2023</year>
			</pub-date>
						<volume>23</volume>
						<issue>11</issue>
						<fpage>16</fpage>
						<lpage>16</lpage>
			<permissions>
				<license license-type="cc-by-nc-nd" xlink:href="http://creativecommons.org/licenses/by-nc-nd/4.0/">
					<license-p>This work is licensed under a Creative Commons Attribution-NonCommercial-NoDerivatives 4.0 International License.</license-p>
				</license>
			</permissions>
			<abstract>
				<p>Behavioral studies suggest that recurrence in the visual system is important for processing degraded stimuli. There are two broad anatomical forms this recurrence can take, lateral or feedback, each with different assumed functions. I&#39;ll discuss work wherein I add four different kinds of recurrence—two of each anatomical form—to a feedforward convolutional neural network and find all forms capable of increasing the ability of the network to classify noisy digit images. By using several analysis tools frequently applied to neural data, the distinct strategies used by different networks were identified. The analyses used here can be applied to real neural recordings to identify the strategies at play in the brain. An analysis of an fMRI dataset weakly supports the predictive feedback model but points to a need for higher-resolution cross-regional data to understand recurrent visual processing.</p>
			</abstract>
		</article-meta>
	</front>
	<back>
                
               <fn-group>
			<fn>
				<p>Funding: Funding: Marie Curie Individual Fellowship</p>
			</fn>
		</fn-group>

	</back>
</article>