<?xml version="1.0"?><!DOCTYPE article PUBLIC "-//NLM//DTD JATS (Z39.96) Journal Publishing DTD v1.0 20120330//EN" "http://jats.nlm.nih.gov/publishing/1.0/JATS-journalpublishing1.dtd">
<article xmlns:mml="http://www.w3.org/1998/Math/MathML" xmlns:xlink="http://www.w3.org/1999/xlink" article-type="Optica Fall Vision Meeting Abstract">
	<front>
		<journal-meta>
			<journal-id journal-id-type="hwp">jov</journal-id>
			<journal-id journal-id-type="publisher-id">JOVI</journal-id>
			<journal-title-group>
				<journal-title>Journal of Vision</journal-title>
			</journal-title-group>
			<issn pub-type="epub">1534-7362</issn>
			<publisher>
				<publisher-name>Association for Research in Vision and Ophthalmology</publisher-name>
			</publisher>
		</journal-meta>
		<article-meta>
			<article-id pub-id-type="doi">10.1167/jov.23.11.33</article-id>
			<article-id pub-id-type="manuscript">Talks_33</article-id>
			<article-categories>
				<subj-group subj-group-type="category">
					<subject>Contributed Session III</subject>
				</subj-group>
			</article-categories>
			<title-group>
				<article-title>Contributed Session III: Identifying Specific Neural Substrates for Bayesian-like Computations in Binocular Vision and Multisensory Processing</article-title>
			</title-group>
			<contrib-group>
                          
				<contrib contrib-type="author">
					<name>
						<surname>Billock</surname>
						<given-names>Vincent A.</given-names>
					</name>
                                        
					<xref ref-type="aff" rid="aff1"><sup>1</sup></xref>


				</contrib>



				<contrib contrib-type="author">
					<name>
						<surname>Dougherty</surname>
						<given-names>Kacie</given-names>
					</name>
                                        
					<xref ref-type="aff" rid="aff2"><sup>2</sup></xref>


				</contrib>



				<contrib contrib-type="author">
					<name>
						<surname>Meredith</surname>
						<given-names>M. Alex</given-names>
					</name>
                                        
					<xref ref-type="aff" rid="aff3"><sup>3</sup></xref>


				</contrib>



				<contrib contrib-type="author">
					<name>
						<surname>Preston</surname>
						<given-names>Adam M.</given-names>
					</name>
                                        
					<xref ref-type="aff" rid="aff4"><sup>4</sup></xref>


				</contrib>




                          
				<aff id="aff1">
					<label><sup>1</sup></label>
					<institution>Leidos, Inc. at the Naval Aerospace Medical Research Laboratory, Naval Medical Research Unit - Dayton</institution>
				</aff>


				<aff id="aff2">
					<label><sup>2</sup></label>
					<institution>Princeton Neuroscience Institute, Princeton University</institution>
				</aff>


				<aff id="aff3">
					<label><sup>3</sup></label>
					<institution>Dept. of Anatomy &amp Neurobiology, Virginia Commonwealth University</institution>
				</aff>


				<aff id="aff4">
					<label><sup>4</sup></label>
					<institution>Naval Aerospace Medical Research Laboratory, Naval Medical Research Unit - Dayton</institution>
				</aff>


			</contrib-group>
			<pub-date pub-type="ppub"><month>9</month>
				<year>2023</year>
			</pub-date>
			<pub-date pub-type="epub"><month>9</month>
				<year>2023</year>
			</pub-date>
						<volume>23</volume>
						<issue>11</issue>
						<fpage>33</fpage>
						<lpage>33</lpage>
			<permissions>
				<license license-type="cc-by-nc-nd" xlink:href="http://creativecommons.org/licenses/by-nc-nd/4.0/">
					<license-p>This work is licensed under a Creative Commons Attribution-NonCommercial-NoDerivatives 4.0 International License.</license-p>
				</license>
			</permissions>
			<abstract>
				<p>Bayesian thinking is influential in vision but the grounding of Bayesian computation in wetware is poorly understood.  Bayesian reliability (inverse variance) weighting of inputs is predicted by Maximum Likelihood Estimation Theory and has some psychophysical support, but evidence for neural reliability weighting is sparse and neural modeling of reliability weighting is tricky.   However, reliability averaging is just one possible perceptual weighted average.  An alternative – nonlinear magnitude-weighted averaging – was suggested by Schrodinger in 1926 to account for suprathreshold binocular perception and is available to repurpose for other sensory cue combinations.  We identified macaque suppressive binocular neurons that implement nonlinear magnitude-weighted averaging and approximate Bayesian averaging, without suffering the computational difficulties that Bayesian averaging implies.  We then applied the binocular modeling to suppressive multisensory (visual-tactile, audio-tactile, and audio-visual) neurons.  Although magnitude-weighting is a better fit than reliability-weighted averaging for cortical firing rates (in all four cases and in three different species), nonlinear magnitude-weighted averaging is well correlated with reliability averaging.   Magnitude-weighted averaging could serve as a surrogate for Bayesian calculations; mildly suppressive binocular and multisensory bimodal neurons could be neural correlates of Bayesian-like computation in the brain.</p>
			</abstract>
		</article-meta>
	</front>
	<back>
                
               <fn-group>
			<fn>
				<p>Funding: Funding: MAM: NIH NS039460; KD: 1R01EY027402-02, T32EY007135, and core grant P30EY008126; VAB & AMP: Office of the Assistant Secretary of Defense for Health Affairs & the Defense Health Agency J9 Research and Health Directorate, Defense Health 6.7 Program #DP_67.2_17_J9_1757, work unit # H1814.  </p>
			</fn>
		</fn-group>

	</back>
</article>