<?xml version="1.0"?><!DOCTYPE article PUBLIC "-//NLM//DTD JATS (Z39.96) Journal Publishing DTD v1.0 20120330//EN" "http://jats.nlm.nih.gov/publishing/1.0/JATS-journalpublishing1.dtd">
<article xmlns:mml="http://www.w3.org/1998/Math/MathML" xmlns:xlink="http://www.w3.org/1999/xlink" article-type="Optica Fall Vision Meeting Abstract">
	<front>
		<journal-meta>
			<journal-id journal-id-type="hwp">jov</journal-id>
			<journal-id journal-id-type="publisher-id">JOVI</journal-id>
			<journal-title-group>
				<journal-title>Journal of Vision</journal-title>
			</journal-title-group>
			<issn pub-type="epub">1534-7362</issn>
			<publisher>
				<publisher-name>Association for Research in Vision and Ophthalmology</publisher-name>
			</publisher>
		</journal-meta>
		<article-meta>
			<article-id pub-id-type="doi">10.1167/jov.23.11.53</article-id>
			<article-id pub-id-type="manuscript">Talks_53</article-id>
			<article-categories>
				<subj-group subj-group-type="category">
					<subject>Poster Session</subject>
				</subj-group>
			</article-categories>
			<title-group>
				<article-title>Poster Session: Achromatic biases in noise images</article-title>
			</title-group>
			<contrib-group>
                          
				<contrib contrib-type="author">
					<name>
						<surname>Joyce</surname>
						<given-names>Daniel</given-names>
					</name>
                                        
					<xref ref-type="aff" rid="aff1"><sup>1</sup></xref>


				</contrib>



				<contrib contrib-type="author">
					<name>
						<surname>Bennett</surname>
						<given-names>Emersongrace</given-names>
					</name>
                                        
					<xref ref-type="aff" rid="aff1"><sup>1</sup></xref>


				</contrib>



				<contrib contrib-type="author">
					<name>
						<surname>Webster</surname>
						<given-names>Michael</given-names>
					</name>
                                        
					<xref ref-type="aff" rid="aff1"><sup>1</sup></xref>


				</contrib>




                          
				<aff id="aff1">
					<label><sup>1</sup></label>
					<institution>University of Nevada, Reno</institution>
				</aff>


			</contrib-group>
			<pub-date pub-type="ppub"><month>9</month>
				<year>2023</year>
			</pub-date>
			<pub-date pub-type="epub"><month>9</month>
				<year>2023</year>
			</pub-date>
						<volume>23</volume>
						<issue>11</issue>
						<fpage>53</fpage>
						<lpage>53</lpage>
			<permissions>
				<license license-type="cc-by-nc-nd" xlink:href="http://creativecommons.org/licenses/by-nc-nd/4.0/">
					<license-p>This work is licensed under a Creative Commons Attribution-NonCommercial-NoDerivatives 4.0 International License.</license-p>
				</license>
			</permissions>
			<abstract>
				<p>In a previous study, Winkler et al. (Current Bio 2015) examined the effects of luminance on the perceived color categories selected for uniform square patches. When the square was equiluminant with the background, the patch appeared colored as soon as it was detected, while for increments or decrements, the range of chromaticities that were classified as achromatic was expanded and more strongly along bluish axes. Here we extended these results to examine the color appearance of spatially varying patterns, which contain a wide range of luminance levels. The images were 1/f luminance noise and were briefly alternated with a gray background with the same mean luminance. The noise was shown on each trial with a uniform chromaticity, which was varied across trials over a grid of values spanning the LvsM and SvsLM cone-opponent axes. Observers categorized each noise image as gray or one of the four unique (RGBY) or binary (RB,BG,GY,YR) hues. The perceived achromatic gamut for the noise again tended to vary along bluish-yellowish directions, but was markedly broader compared to the uniform patches. The broadening of the gray category may partly reflect attributions of some of the color to the illuminant, a tendency which may be stronger in the spatially variegated patterns.</p>
			</abstract>
		</article-meta>
	</front>
	<back>
                
               <fn-group>
			<fn>
				<p>Funding: Funding: Supported by EY-010834</p>
			</fn>
		</fn-group>

	</back>
</article>