<?xml version="1.0"?><!DOCTYPE article PUBLIC "-//NLM//DTD JATS (Z39.96) Journal Publishing DTD v1.0 20120330//EN" "http://jats.nlm.nih.gov/publishing/1.0/JATS-journalpublishing1.dtd">
<article xmlns:mml="http://www.w3.org/1998/Math/MathML" xmlns:xlink="http://www.w3.org/1999/xlink" article-type="Optica Fall Vision Meeting Abstract">
	<front>
		<journal-meta>
			<journal-id journal-id-type="hwp">jov</journal-id>
			<journal-id journal-id-type="publisher-id">JOVI</journal-id>
			<journal-title-group>
				<journal-title>Journal of Vision</journal-title>
			</journal-title-group>
			<issn pub-type="epub">1534-7362</issn>
			<publisher>
				<publisher-name>Association for Research in Vision and Ophthalmology</publisher-name>
			</publisher>
		</journal-meta>
		<article-meta>
			<article-id pub-id-type="doi">10.1167/jov.23.11.61</article-id>
			<article-id pub-id-type="manuscript">Talks_61</article-id>
			<article-categories>
				<subj-group subj-group-type="category">
					<subject>Poster Session</subject>
				</subj-group>
			</article-categories>
			<title-group>
				<article-title>Poster Session: Quantifying Visual Snow Symptoms with a Matching Task</article-title>
			</title-group>
			<contrib-group>
                          
				<contrib contrib-type="author">
					<name>
						<surname>Montoya</surname>
						<given-names>Samantha</given-names>
					</name>
                                        
					<xref ref-type="aff" rid="aff1"><sup>1</sup></xref>


				</contrib>



				<contrib contrib-type="author">
					<name>
						<surname>Lee</surname>
						<given-names>Michael</given-names>
					</name>
                                        
					<xref ref-type="aff" rid="aff2"><sup>2</sup></xref>


				</contrib>



				<contrib contrib-type="author">
					<name>
						<surname>Mulder</surname>
						<given-names>Carter</given-names>
					</name>
                                        
					<xref ref-type="aff" rid="aff3"><sup>3</sup></xref>


				</contrib>



				<contrib contrib-type="author">
					<name>
						<surname>Engel</surname>
						<given-names>Stephen</given-names>
					</name>
                                        
					<xref ref-type="aff" rid="aff4"><sup>4</sup></xref>


				</contrib>



				<contrib contrib-type="author">
					<name>
						<surname>Schallmo</surname>
						<given-names>Michael-Paul</given-names>
					</name>
                                        
					<xref ref-type="aff" rid="aff3"><sup>3</sup></xref>


				</contrib>




                          
				<aff id="aff1">
					<label><sup>1</sup></label>
					<institution>University of Minnesota, Graduate Program in Neuroscience</institution>
				</aff>


				<aff id="aff2">
					<label><sup>2</sup></label>
					<institution>University of Minnesota, Department of Ophthalmology and Visual Neurosciences</institution>
				</aff>


				<aff id="aff3">
					<label><sup>3</sup></label>
					<institution>University of Minnesota, Department of Psychiatry and Behavioral Sciences</institution>
				</aff>


				<aff id="aff4">
					<label><sup>4</sup></label>
					<institution>University of Minnesota, Department of Psychology</institution>
				</aff>


			</contrib-group>
			<pub-date pub-type="ppub"><month>9</month>
				<year>2023</year>
			</pub-date>
			<pub-date pub-type="epub"><month>9</month>
				<year>2023</year>
			</pub-date>
						<volume>23</volume>
						<issue>11</issue>
						<fpage>61</fpage>
						<lpage>61</lpage>
			<permissions>
				<license license-type="cc-by-nc-nd" xlink:href="http://creativecommons.org/licenses/by-nc-nd/4.0/">
					<license-p>This work is licensed under a Creative Commons Attribution-NonCommercial-NoDerivatives 4.0 International License.</license-p>
				</license>
			</permissions>
			<abstract>
				<p>The primary symptom of Visual Snow Syndrome (VSS) is a veil of dots/static flickering across the entire visual field. VSS is a serious but poorly understood disorder (prevalence 1.4-3.3%). Symptoms of VSS can interfere with daily tasks like driving and reading. However, few studies have examined VSS, and quantitative measurements of symptoms are lacking. We developed a matching task in which participants with VSS adjusted parameters of simulated visual snow on a computer screen; participants modified the contrast, density, speed, and size of an array of dots to match their visual snow. Simulated snow was generated by random independent draws from a binary distribution controlled by the contrast parameter. Snow density was adjusted by setting a proportion of pixels equal to the background luminance. The speed setting determined the lifetime of each snow element, after which it was replaced. Dot size was adjusted by moving closer or further from the display and recording the viewing distance, as perceived snow elements were generally smaller than one pixel viewed from 0.5 m. Individuals with VSS said the simulated snow closely resembled their perceived snow, and parameter settings were consistent across trials. Simulated snow contrast settings were relatively low and dot size was relatively small. This task provides a quantitative assessment of visual snow percepts, which may facilitate assessment of treatments/therapies and testing of hypotheses about underlying mechanisms.</p>
			</abstract>
		</article-meta>
	</front>
	<back>
                
               <fn-group>
			<fn>
				<p>Funding: Funding: This work was supported by funding from the National Institutes of Health and the National Science Foundation (T32 EY025187, DGE-1734815, R25 NS117356)</p>
			</fn>
		</fn-group>

	</back>
</article>