<?xml version="1.0"?><!DOCTYPE article PUBLIC "-//NLM//DTD JATS (Z39.96) Journal Publishing DTD v1.0 20120330//EN" "http://jats.nlm.nih.gov/publishing/1.0/JATS-journalpublishing1.dtd">
<article xmlns:mml="http://www.w3.org/1998/Math/MathML" xmlns:xlink="http://www.w3.org/1999/xlink" article-type="Optica Fall Vision Meeting Abstract">
	<front>
		<journal-meta>
			<journal-id journal-id-type="hwp">jov</journal-id>
			<journal-id journal-id-type="publisher-id">JOVI</journal-id>
			<journal-title-group>
				<journal-title>Journal of Vision</journal-title>
			</journal-title-group>
			<issn pub-type="epub">1534-7362</issn>
			<publisher>
				<publisher-name>Association for Research in Vision and Ophthalmology</publisher-name>
			</publisher>
		</journal-meta>
		<article-meta>
			<article-id pub-id-type="doi">10.1167/jov.23.11.41</article-id>
			<article-id pub-id-type="manuscript">Talks_41</article-id>
			<article-categories>
				<subj-group subj-group-type="category">
					<subject>Poster Session</subject>
				</subj-group>
			</article-categories>
			<title-group>
				<article-title>Poster Session: Fixational Eye Movements in Myopia</article-title>
			</title-group>
			<contrib-group>
                          
				<contrib contrib-type="author">
					<name>
						<surname>Clark</surname>
						<given-names>Ashley M. </given-names>
					</name>
                                        
					<xref ref-type="aff" rid="aff1"><sup>1</sup></xref>


				</contrib>



				<contrib contrib-type="author">
					<name>
						<surname>Cox</surname>
						<given-names>Michele A.</given-names>
					</name>
                                        
					<xref ref-type="aff" rid="aff1"><sup>1</sup></xref>


				</contrib>



				<contrib contrib-type="author">
					<name>
						<surname>Wu</surname>
						<given-names>Ruei-Jr</given-names>
					</name>
                                        
					<xref ref-type="aff" rid="aff1"><sup>1</sup></xref>


				</contrib>



				<contrib contrib-type="author">
					<name>
						<surname>Intoy</surname>
						<given-names>Janis</given-names>
					</name>
                                        
					<xref ref-type="aff" rid="aff1"><sup>1</sup></xref>


				</contrib>



				<contrib contrib-type="author">
					<name>
						<surname>Rucci</surname>
						<given-names>Michele</given-names>
					</name>
                                        
					<xref ref-type="aff" rid="aff1"><sup>1</sup></xref>


				</contrib>




                          
				<aff id="aff1">
					<label><sup>1</sup></label>
					<institution>University of Rochester</institution>
				</aff>


			</contrib-group>
			<pub-date pub-type="ppub"><month>9</month>
				<year>2023</year>
			</pub-date>
			<pub-date pub-type="epub"><month>9</month>
				<year>2023</year>
			</pub-date>
						<volume>23</volume>
						<issue>11</issue>
						<fpage>41</fpage>
						<lpage>41</lpage>
			<permissions>
				<license license-type="cc-by-nc-nd" xlink:href="http://creativecommons.org/licenses/by-nc-nd/4.0/">
					<license-p>This work is licensed under a Creative Commons Attribution-NonCommercial-NoDerivatives 4.0 International License.</license-p>
				</license>
			</permissions>
			<abstract>
				<p>During fixation, an incessant drift of the eye keeps the image impinging on the retina always in motion.   Previous work indicated that luminance modulations from ocular drift serve important visual functions in emmetropes (Intoy &amp Rucci, 2020; Clark et al 2022). However, it remains unknown how ocular drift varies under myopia, a visual impairment commonly caused by eye elongation. We measured eye movements in 19 individuals with varying degrees of myopia (-0.25D to -6.5D) using a digital Dual-Purkinje Image eye-tracker, a recently developed system with sub-arcminute resolution. Subjects observed stimuli monocularly with vision corrected via a Badal optometer.  They engaged in two high-acuity tasks:  (a) resolution of a 20/20 line of an eye chart (5 evenly spaced tumbling E optotypes); and (b) a more natural task where subjects were presented with images of distant faces (1⁰) and asked to report the image’s gaze direction. We show ocular drift characteristics differ in myopes relative to emmetropes. Drift was faster and less curved in myopic observers. On the retina, these changes result in luminance modulations that amplify low spatial frequencies at the expense of high spatial frequencies, so that high-frequency signals are effectively weaker in myopes These results are consistent with the proposal that fine spatial vision strongly relies on oculomotor-induced luminance modulations and emphasize the importance of considering fine eye movements in myopia.</p>
			</abstract>
		</article-meta>
	</front>
	<back>
                
               <fn-group>
			<fn>
				<p>Funding: Funding: R01 EY018363,  Meta/Facebook Reality Labs</p>
			</fn>
		</fn-group>

	</back>
</article>