<?xml version="1.0"?><!DOCTYPE article PUBLIC "-//NLM//DTD JATS (Z39.96) Journal Publishing DTD v1.0 20120330//EN" "http://jats.nlm.nih.gov/publishing/1.0/JATS-journalpublishing1.dtd">
<article xmlns:mml="http://www.w3.org/1998/Math/MathML" xmlns:xlink="http://www.w3.org/1999/xlink" article-type="Optica Fall Vision Meeting Abstract">
	<front>
		<journal-meta>
			<journal-id journal-id-type="hwp">jov</journal-id>
			<journal-id journal-id-type="publisher-id">JOVI</journal-id>
			<journal-title-group>
				<journal-title>Journal of Vision</journal-title>
			</journal-title-group>
			<issn pub-type="epub">1534-7362</issn>
			<publisher>
				<publisher-name>Association for Research in Vision and Ophthalmology</publisher-name>
			</publisher>
		</journal-meta>
		<article-meta>
			<article-id pub-id-type="doi">10.1167/jov.23.11.29</article-id>
			<article-id pub-id-type="manuscript">Talks_29</article-id>
			<article-categories>
				<subj-group subj-group-type="category">
					<subject>Invited Session V: The eye as a window to systemic and neurodegenerative health</subject>
				</subj-group>
			</article-categories>
			<title-group>
				<article-title>Invited Session V: The eye as a window to systemic and neurodegenerative health: Early prediction of multiple sclerosis using scanning laser ophthalmoscopy (SLO) video sequence data with a Deep Learning (DL) based approach</article-title>
			</title-group>
			<contrib-group>
                          
				<contrib contrib-type="author">
					<name>
						<surname>Xing</surname>
						<given-names>Joe</given-names>
					</name>
                                        
					<xref ref-type="aff" rid="aff1"><sup>1</sup></xref>


				</contrib>



				<contrib contrib-type="author">
					<name>
						<surname>Green</surname>
						<given-names>Ari</given-names>
					</name>
                                        
					<xref ref-type="aff" rid="aff2"><sup>2</sup></xref>


				</contrib>



				<contrib contrib-type="author">
					<name>
						<surname>Sheehy</surname>
						<given-names>Christy</given-names>
					</name>
                                        
					<xref ref-type="aff" rid="aff1"><sup>1</sup></xref>


				</contrib>




                          
				<aff id="aff1">
					<label><sup>1</sup></label>
					<institution>C. Light Technologies, Inc.</institution>
				</aff>


				<aff id="aff2">
					<label><sup>2</sup></label>
					<institution>University of California San Francisco</institution>
				</aff>


			</contrib-group>
			<pub-date pub-type="ppub"><month>9</month>
				<year>2023</year>
			</pub-date>
			<pub-date pub-type="epub"><month>9</month>
				<year>2023</year>
			</pub-date>
						<volume>23</volume>
						<issue>11</issue>
						<fpage>29</fpage>
						<lpage>29</lpage>
			<permissions>
				<license license-type="cc-by-nc-nd" xlink:href="http://creativecommons.org/licenses/by-nc-nd/4.0/">
					<license-p>This work is licensed under a Creative Commons Attribution-NonCommercial-NoDerivatives 4.0 International License.</license-p>
				</license>
			</permissions>
			<abstract>
				<p>Introduction: Multiple Sclerosis (MS) is a chronic immune-mediated inflammatory disease (IMID) of the central nervous system (CNS). Early identification of MS, especially as a screening method for at-risk individuals, is crucial to delay disease progression and improve patient outcomes by preventing future irreversible neurologic damage. In this work, we utilize well-validated tracking scanning laser ophthalmoscope (TSLO) image to predict MS compared to the unaffected controls. While traditional Machine Learning (ML) methods, such as Logistic Regression (LR), have demonstrated a strong predictive power [Mauro F. Pinto et al., 2020] in disease identification, we propose the use of a novel DL based model. Though the use of Deep Neural Network (DNN), this model can have a much higher learning capacity to capture latent features embedded in the retinal images. We hypothesize that such latent information, often hidden in ML feature engineering processes, plays an important role for the prediction of disease and can be well represented by DL models. Objectives: To establish a DL based model capable of learning latent image features to provide predictive power for the presence of MS. Aims: Utilize a deep convolutional neural network to extract the retinal coding and implement a recurrent neural network to learn the temporal correlations in video sequences. Methods: Our approaches were tested using a 250-subject MS/control database collected at the UCSF. Patients with Expanded Disability Status Scale (EDSS)&lt; 4 are compared to healthy subjects. Both raw retinal images and the frequency and spatial patterns of the eye motion are combined to construct a hybrid image, denoted as “retinal coding”, and directly fed to the DL model for training and testing. Results: Preliminary results on predictive power were measured using Area-under-Curve (AUC) of the Receiver Operating Characteristics (ROC) curve, sensitivity, and specificity, as well as an F-1 score. We observe an AUC of 0.920, sensitivity of 0.90, specificity of 0.89 and F-1 score of 0.89 using the DL model to distinguish MS from controls, which outperforms the baseline LR model by 24%. Conclusions: This work can be considered as a proof-of-concept concerning the possibility of identifying MS disease using a DL based approach. The results demonstrate the possibility of predicting early-stage MS and understanding disease’s dynamics. Such end-to-end model could be generalizable and trained on other disease states.</p>
			</abstract>
		</article-meta>
	</front>
	<back>
                
               <fn-group>
			<fn>
				<p>Funding: Funding: None</p>
			</fn>
		</fn-group>

	</back>
</article>