<?xml version="1.0"?><!DOCTYPE article PUBLIC "-//NLM//DTD JATS (Z39.96) Journal Publishing DTD v1.0 20120330//EN" "http://jats.nlm.nih.gov/publishing/1.0/JATS-journalpublishing1.dtd">
<article xmlns:mml="http://www.w3.org/1998/Math/MathML" xmlns:xlink="http://www.w3.org/1999/xlink" article-type="Optica Fall Vision Meeting Abstract">
	<front>
		<journal-meta>
			<journal-id journal-id-type="hwp">jov</journal-id>
			<journal-id journal-id-type="publisher-id">JOVI</journal-id>
			<journal-title-group>
				<journal-title>Journal of Vision</journal-title>
			</journal-title-group>
			<issn pub-type="epub">1534-7362</issn>
			<publisher>
				<publisher-name>Association for Research in Vision and Ophthalmology</publisher-name>
			</publisher>
		</journal-meta>
		<article-meta>
			<article-id pub-id-type="doi">10.1167/jov.23.11.52</article-id>
			<article-id pub-id-type="manuscript">Talks_52</article-id>
			<article-categories>
				<subj-group subj-group-type="category">
					<subject>Poster Session</subject>
				</subj-group>
			</article-categories>
			<title-group>
				<article-title>Poster Session: Eye-tracking while learning greebles.</article-title>
			</title-group>
			<contrib-group>
                          
				<contrib contrib-type="author">
					<name>
						<surname>Herbert</surname>
						<given-names>Andrew Mark</given-names>
					</name>
                                        
					<xref ref-type="aff" rid="aff1"><sup>1</sup></xref>


				</contrib>



				<contrib contrib-type="author">
					<name>
						<surname>Pandurangan</surname>
						<given-names>Archana</given-names>
					</name>
                                        
					<xref ref-type="aff" rid="aff1"><sup>1</sup></xref>


				</contrib>



				<contrib contrib-type="author">
					<name>
						<surname>Patel</surname>
						<given-names>Ankita Girish</given-names>
					</name>
                                        
					<xref ref-type="aff" rid="aff2"><sup>2</sup></xref>


				</contrib>



				<contrib contrib-type="author">
					<name>
						<surname>Merkel</surname>
						<given-names>Cory E.</given-names>
					</name>
                                        
					<xref ref-type="aff" rid="aff2"><sup>2</sup></xref>


				</contrib>




                          
				<aff id="aff1">
					<label><sup>1</sup></label>
					<institution>RIT, Psychology</institution>
				</aff>


				<aff id="aff2">
					<label><sup>2</sup></label>
					<institution>RIT, Computer Engineering</institution>
				</aff>


			</contrib-group>
			<pub-date pub-type="ppub"><month>9</month>
				<year>2023</year>
			</pub-date>
			<pub-date pub-type="epub"><month>9</month>
				<year>2023</year>
			</pub-date>
						<volume>23</volume>
						<issue>11</issue>
						<fpage>52</fpage>
						<lpage>52</lpage>
			<permissions>
				<license license-type="cc-by-nc-nd" xlink:href="http://creativecommons.org/licenses/by-nc-nd/4.0/">
					<license-p>This work is licensed under a Creative Commons Attribution-NonCommercial-NoDerivatives 4.0 International License.</license-p>
				</license>
			</permissions>
			<abstract>
				<p>	There has been a lot of attention on so-called ‘adversarial images’ that fool machine learning models (MLM). Manipulations to an image or including an unexpected object in a scene can severely disrupt object labeling and parsing by state-of-the-art MLM such as convolutional neural networks (CNN). In contrast, human observers may not even notice these changes, highlighting a significant gap between the robustness of human vision and CNNs. One well-studied class of novel objects are ‘Greebles,’ introduced by Gauthier and Tarr (1997; Gauthier et al., 1998). A large number of ‘families’, ‘genders’ and individuals can be created by systematically varying the arrangements and shapes of Greeble components. We report on eye-tracking (SMI iRed 250) participants as they are taught to recognize Greebles following the procedure described by Gauthier, Tarr and colleagues. Greeble expertise is assessed using a naming task and a verification task. Once an individual became a Greeble ‘expert’ we assessed their tolerance for rotations of the Greebles around the y-axis. The pattern of eye movements when learning and being tested on the Greebles are compared to the output of CNNs trained to recognize Greebles. </p>
			</abstract>
		</article-meta>
	</front>
	<back>
                
               <fn-group>
			<fn>
				<p>Funding: Funding: RIT Global Cybersecurity Institute</p>
			</fn>
		</fn-group>

	</back>
</article>