<?xml version="1.0"?><!DOCTYPE article PUBLIC "-//NLM//DTD JATS (Z39.96) Journal Publishing DTD v1.0 20120330//EN" "http://jats.nlm.nih.gov/publishing/1.0/JATS-journalpublishing1.dtd">
<article xmlns:mml="http://www.w3.org/1998/Math/MathML" xmlns:xlink="http://www.w3.org/1999/xlink" article-type="Optica Fall Vision Meeting Abstract">
	<front>
		<journal-meta>
			<journal-id journal-id-type="hwp">jov</journal-id>
			<journal-id journal-id-type="publisher-id">JOVI</journal-id>
			<journal-title-group>
				<journal-title>Journal of Vision</journal-title>
			</journal-title-group>
			<issn pub-type="epub">1534-7362</issn>
			<publisher>
				<publisher-name>Association for Research in Vision and Ophthalmology</publisher-name>
			</publisher>
		</journal-meta>
		<article-meta>
			<article-id pub-id-type="doi">10.1167/jov.23.11.47</article-id>
			<article-id pub-id-type="manuscript">Talks_47</article-id>
			<article-categories>
				<subj-group subj-group-type="category">
					<subject>Poster Session</subject>
				</subj-group>
			</article-categories>
			<title-group>
				<article-title>Poster Session: Observations and Implications of Temporary Erythropsia in a Color-Normal Observer</article-title>
			</title-group>
			<contrib-group>
                          
				<contrib contrib-type="author">
					<name>
						<surname>Drum</surname>
						<given-names>Bruce</given-names>
					</name>
                                        
					<xref ref-type="aff" rid="aff1"><sup>1</sup></xref>


				</contrib>




                          
				<aff id="aff1">
					<label><sup>1</sup></label>
					<institution>FDA/CDRH/OPEQ/OHT1</institution>
				</aff>


			</contrib-group>
			<pub-date pub-type="ppub"><month>9</month>
				<year>2023</year>
			</pub-date>
			<pub-date pub-type="epub"><month>9</month>
				<year>2023</year>
			</pub-date>
						<volume>23</volume>
						<issue>11</issue>
						<fpage>47</fpage>
						<lpage>47</lpage>
			<permissions>
				<license license-type="cc-by-nc-nd" xlink:href="http://creativecommons.org/licenses/by-nc-nd/4.0/">
					<license-p>This work is licensed under a Creative Commons Attribution-NonCommercial-NoDerivatives 4.0 International License.</license-p>
				</license>
			</permissions>
			<abstract>
				<p>Erythropsia (red vision) is characterized by the reddish or pinkish appearance of surfaces that normally appear achromatic.  Erythropsia has been observed historically by people whose retinas were exposed to ultraviolet (UV) light (e.g., aphakes or pseudophakes implanted with unfiltered intraocular lenses).  Erythropsia is not fully understood, but has been thought to be related to photochemical damage to short-wavelength (S) cones. Erythropsia can also occur in normal phakic eyes during intense white light adaptation. When I stare at the sunlit white siding on the southern wall of my house, after several seconds, the color changes from white to a brilliant magenta, with the central 1-2º of visual angle spared. All details in the siding fade except for the spared center. In another 10-20 seconds, the magenta turns to bluish cyan, and the previously invisible details reappear with exaggerated contrast.  These observations are reminiscent of the color of S-cone increments on white adapting fields (Drum &amp Sternheim (2005) JOSA A: 22, 2107-19).  S cones are insensitive relative to M and L cones on dim backgrounds, but they do not light-adapt like M and L cones and become relatively more sensitive at moderate adapting levels.  At still higher adapting levels, S cones saturate (become unresponsive) leaving the increment a tritanopic cyan. The present observations imply that S cones initially fail to adapt to a bright white field, but then saturate, leaving the observer tritanopic.</p>
			</abstract>
		</article-meta>
	</front>
	<back>
                
               <fn-group>
			<fn>
				<p>Funding: Funding: No funding or conflicts</p>
			</fn>
		</fn-group>

	</back>
</article>