<?xml version="1.0"?><!DOCTYPE article PUBLIC "-//NLM//DTD JATS (Z39.96) Journal Publishing DTD v1.0 20120330//EN" "http://jats.nlm.nih.gov/publishing/1.0/JATS-journalpublishing1.dtd">
<article xmlns:mml="http://www.w3.org/1998/Math/MathML" xmlns:xlink="http://www.w3.org/1999/xlink" article-type="Optica Fall Vision Meeting Abstract">
	<front>
		<journal-meta>
			<journal-id journal-id-type="hwp">jov</journal-id>
			<journal-id journal-id-type="publisher-id">JOVI</journal-id>
			<journal-title-group>
				<journal-title>Journal of Vision</journal-title>
			</journal-title-group>
			<issn pub-type="epub">1534-7362</issn>
			<publisher>
				<publisher-name>Association for Research in Vision and Ophthalmology</publisher-name>
			</publisher>
		</journal-meta>
		<article-meta>
			<article-id pub-id-type="doi">10.1167/jov.23.11.45</article-id>
			<article-id pub-id-type="manuscript">Talks_45</article-id>
			<article-categories>
				<subj-group subj-group-type="category">
					<subject>Poster Session</subject>
				</subj-group>
			</article-categories>
			<title-group>
				<article-title>Poster Session: Visual System Assessment for Predicting a Transition to Psychosis</article-title>
			</title-group>
			<contrib-group>
                          
				<contrib contrib-type="author">
					<name>
						<surname>Diamond</surname>
						<given-names>Alex</given-names>
					</name>
                                        
					<xref ref-type="aff" rid="aff1"><sup>1</sup></xref>


				</contrib>



				<contrib contrib-type="author">
					<name>
						<surname>Silverstein</surname>
						<given-names>Steven</given-names>
					</name>
                                        
					<xref ref-type="aff" rid="aff1"><sup>1</sup></xref>


				</contrib>



				<contrib contrib-type="author">
					<name>
						<surname>Keane</surname>
						<given-names>Brian</given-names>
					</name>
                                        
					<xref ref-type="aff" rid="aff1"><sup>1</sup></xref>


				</contrib>




                          
				<aff id="aff1">
					<label><sup>1</sup></label>
					<institution>University of Rochester</institution>
				</aff>


			</contrib-group>
			<pub-date pub-type="ppub"><month>9</month>
				<year>2023</year>
			</pub-date>
			<pub-date pub-type="epub"><month>9</month>
				<year>2023</year>
			</pub-date>
						<volume>23</volume>
						<issue>11</issue>
						<fpage>45</fpage>
						<lpage>45</lpage>
			<permissions>
				<license license-type="cc-by-nc-nd" xlink:href="http://creativecommons.org/licenses/by-nc-nd/4.0/">
					<license-p>This work is licensed under a Creative Commons Attribution-NonCommercial-NoDerivatives 4.0 International License.</license-p>
				</license>
			</permissions>
			<abstract>
				<p>Visual system assessments are seldom regarded as a viable way to predict a future psychotic disorder. Here, we argue that may be a missed opportunity.  From a large literature, we identify a set of visual tests that have distinguished individuals prior to or near the first psychotic episode or that have shown group differences independently of illness duration. Such tests have revealed moderate-to-large patient differences unexplainable by medication or generalized deficits. For example, self-reported visual perceptual distortions have already longitudinally predicted impending psychosis in large samples. Possibly predictive psychophysical tests include contrast sensitivity, backward masking, collinear facilitation, stereoscopic depth perception, contour integration, visual shape completion, and restricted fixational patterns during free viewing. Possible brain based markers include visual thalamo-cortical hyperconnectivity, decreased gamma band power during visual detection, and reduced occipital P1 amplitudes (EEG) during passive viewing. Promising retinal markers include reduced cone a- and b-wave amplitudes and photopic negative response (ERG). The foregoing assessments are often brief, well-tolerated, simple to administer, and well-described mechanistically. Across all major levels of analysis—from phenomenology to behavior to brain and retinal functioning—visual system assessment could help identify individuals who go on to develop a psychotic disorder.</p>
			</abstract>
		</article-meta>
	</front>
	<back>
                
               <fn-group>
			<fn>
				<p>Funding: Funding: This work was supported in part by a K01MH108783 to BPK, and by a University of Rochester Medical Center Department of Psychiatry Hendershot Pilot Award Program. Former department lab member Megan Serody contributed to initial literature searches for this project.</p>
			</fn>
		</fn-group>

	</back>
</article>