<?xml version="1.0"?><!DOCTYPE article PUBLIC "-//NLM//DTD JATS (Z39.96) Journal Publishing DTD v1.0 20120330//EN" "http://jats.nlm.nih.gov/publishing/1.0/JATS-journalpublishing1.dtd">
<article xmlns:mml="http://www.w3.org/1998/Math/MathML" xmlns:xlink="http://www.w3.org/1999/xlink" article-type="Optica Fall Vision Meeting Abstract">
	<front>
		<journal-meta>
			<journal-id journal-id-type="hwp">jov</journal-id>
			<journal-id journal-id-type="publisher-id">JOVI</journal-id>
			<journal-title-group>
				<journal-title>Journal of Vision</journal-title>
			</journal-title-group>
			<issn pub-type="epub">1534-7362</issn>
			<publisher>
				<publisher-name>Association for Research in Vision and Ophthalmology</publisher-name>
			</publisher>
		</journal-meta>
		<article-meta>
			<article-id pub-id-type="doi">10.1167/jov.23.11.21</article-id>
			<article-id pub-id-type="manuscript">Talks_21</article-id>
			<article-categories>
				<subj-group subj-group-type="category">
					<subject>Contributed Session II</subject>
				</subj-group>
			</article-categories>
			<title-group>
				<article-title>Contributed Session II: Ex-vivo human crystalline lenses geometrical changes during simulated disaccommodation</article-title>
			</title-group>
			<contrib-group>
                          
				<contrib contrib-type="author">
					<name>
						<surname>Martinez-Enriquez</surname>
						<given-names>Eduardo</given-names>
					</name>
                                        
					<xref ref-type="aff" rid="aff1"><sup>1</sup></xref>


				</contrib>



				<contrib contrib-type="author">
					<name>
						<surname>Maceo Heilman</surname>
						<given-names>Bianca</given-names>
					</name>
                                        
					<xref ref-type="aff" rid="aff2"><sup>2</sup></xref>


					<xref ref-type="aff" rid="aff3"><sup>3</sup></xref>


				</contrib>



				<contrib contrib-type="author">
					<name>
						<surname>De Castro</surname>
						<given-names>Alberto</given-names>
					</name>
                                        
					<xref ref-type="aff" rid="aff1"><sup>1</sup></xref>


				</contrib>



				<contrib contrib-type="author">
					<name>
						<surname>Mohamed</surname>
						<given-names>Ashik</given-names>
					</name>
                                        
					<xref ref-type="aff" rid="aff4"><sup>4</sup></xref>


					<xref ref-type="aff" rid="aff5"><sup>5</sup></xref>


				</contrib>



				<contrib contrib-type="author">
					<name>
						<surname>Ruggeri</surname>
						<given-names>Marco</given-names>
					</name>
                                        
					<xref ref-type="aff" rid="aff6"><sup>6</sup></xref>


				</contrib>



				<contrib contrib-type="author">
					<name>
						<surname>Manns</surname>
						<given-names>Fabrice</given-names>
					</name>
                                        
					<xref ref-type="aff" rid="aff2"><sup>2</sup></xref>


					<xref ref-type="aff" rid="aff3"><sup>3</sup></xref>


				</contrib>



				<contrib contrib-type="author">
					<name>
						<surname>Marcos</surname>
						<given-names>Susana</given-names>
					</name>
                                        
					<xref ref-type="aff" rid="aff7"><sup>7</sup></xref>


					<xref ref-type="aff" rid="aff8"><sup>8</sup></xref>


				</contrib>




                          
				<aff id="aff1">
					<label><sup>1</sup></label>
					<institution>Instituto de Óptica, Consejo Superior de Investigaciones Cientificas, Madrid, Madrid, Spain</institution>
				</aff>


				<aff id="aff2">
					<label><sup>2</sup></label>
					<institution>Ophthalmic Biophysics Center, Bascom Palmer Eye Institute, University of Miami Miller School of Medicine, Miami, FL, United States</institution>
				</aff>


				<aff id="aff3">
					<label><sup>3</sup></label>
					<institution>Department of Biomedical Engineering, University of Miami College of Engineering, Coral Gables, FL, United States.</institution>
				</aff>


				<aff id="aff4">
					<label><sup>4</sup></label>
					<institution>Ophthalmic Biophysics, L V Prasad Eye Institute, Hyderabad, Telangana, India</institution>
				</aff>


				<aff id="aff5">
					<label><sup>5</sup></label>
					<institution>Brien Holden Vision Institute Limited, Sydney, NSW, Australia.</institution>
				</aff>


				<aff id="aff6">
					<label><sup>6</sup></label>
					<institution>Ophthalmic Biophysics Center, Bascom Palmer Eye Institute, University of Miami Miller School of Medicine, Miami, FL, United States.</institution>
				</aff>


				<aff id="aff7">
					<label><sup>7</sup></label>
					<institution>Instituto de Óptica, Consejo Superior de Investigaciones Cientificas, Madrid, Madrid, Spain</institution>
				</aff>


				<aff id="aff8">
					<label><sup>8</sup></label>
					<institution>Center for Visual Science. The Institute of Optics. Flaum Eye Institute, University of Rochester, Rochester, NY, United States.</institution>
				</aff>


			</contrib-group>
			<pub-date pub-type="ppub"><month>9</month>
				<year>2023</year>
			</pub-date>
			<pub-date pub-type="epub"><month>9</month>
				<year>2023</year>
			</pub-date>
						<volume>23</volume>
						<issue>11</issue>
						<fpage>21</fpage>
						<lpage>21</lpage>
			<permissions>
				<license license-type="cc-by-nc-nd" xlink:href="http://creativecommons.org/licenses/by-nc-nd/4.0/">
					<license-p>This work is licensed under a Creative Commons Attribution-NonCommercial-NoDerivatives 4.0 International License.</license-p>
				</license>
			</permissions>
			<abstract>
				<p>The young crystalline lens changes its shape to focus targets at different distances, a capability (accommodation) that is lost with age. Quantifying crystalline lens morphology during accommodation and aging is essential for understanding basic mechanisms of function and disease (presbyopia and cataract). 
We studied the geometrical changes of the ex-vivo human crystalline lens while simulating different levels of physiological disaccommodation using a motorized lens-stretcher system designed for this purpose. 14 human lenses (11-54 y/o) from donor eyes were radially stretched mounted in the lens-stretcher and immersed in a cuvette filled with balanced salt solution for preservation purposes. Lens geometry and power were characterized using custom-developed high resolution 3-D optical coherence tomography (OCT) and laser ray tracing system coupled with the OCT. 
The lens thickness decreased linearly 81 microns/diopter (D) of simulated disaccommodation (-r=0.87, p&lt;0.001), the diameter increased 76 microns/D (r=0.84, p&lt;0.01), the radius of curvature of the anterior surface increased 0.63 mm/D (r=0.92, p&lt;0.001), the lens surface area increased 1.9 mm2/D (r=0.62, p&lt;0.01) and the lens volume remained constant. The same stretching displacement produced larger deformations in younger than in older lenses. 
Simultaneous high resolution optical and geometrical measurements of stretched lenses therefore match results in vivo and support the Helmholtz theory of accommodation.
</p>
			</abstract>
		</article-meta>
	</front>
	<back>
                
               <fn-group>
			<fn>
				<p>Funding: Funding: European Project IMCUSTOMEYE H2020-ICT-2017 Ref. 779960; European Project SILKEYE H2020-ERC-2018-ADG Ref.833106; Spanish government grant PID2020-115191RB-I00, NIH Grants P30; Research to Prevent Blindness Departamental Funds to Flaum Eye Institute and Bascom Palmer Eye Institute; NIH NIE P30EY 001319; Unrestricted Funds Research to Prevent Blindness, NY; National Institutes of Health (R01EY021834; a National Institutes of Health Center Core Grant (P30EY014801); Florida Lions Eye Bank and Beauty of Sight Foundation; Hyderabad Eye Research Foundation.</p>
			</fn>
		</fn-group>

	</back>
</article>