<?xml version="1.0"?><!DOCTYPE article PUBLIC "-//NLM//DTD JATS (Z39.96) Journal Publishing DTD v1.0 20120330//EN" "http://jats.nlm.nih.gov/publishing/1.0/JATS-journalpublishing1.dtd">
<article xmlns:mml="http://www.w3.org/1998/Math/MathML" xmlns:xlink="http://www.w3.org/1999/xlink" article-type="Optica Fall Vision Meeting Abstract">
	<front>
		<journal-meta>
			<journal-id journal-id-type="hwp">jov</journal-id>
			<journal-id journal-id-type="publisher-id">JOVI</journal-id>
			<journal-title-group>
				<journal-title>Journal of Vision</journal-title>
			</journal-title-group>
			<issn pub-type="epub">1534-7362</issn>
			<publisher>
				<publisher-name>Association for Research in Vision and Ophthalmology</publisher-name>
			</publisher>
		</journal-meta>
		<article-meta>
			<article-id pub-id-type="doi">10.1167/jov.23.11.79</article-id>
			<article-id pub-id-type="manuscript">Talks_79</article-id>
			<article-categories>
				<subj-group subj-group-type="category">
					<subject>Poster Session</subject>
				</subj-group>
			</article-categories>
			<title-group>
				<article-title>Poster Session: The impact of retinal excitotoxic lesions on parallel visual streams in the ferret dorsal lateral geniculate nucleus. 	 </article-title>
			</title-group>
			<contrib-group>
                          
				<contrib contrib-type="author">
					<name>
						<surname>Yang</surname>
						<given-names>Jingyi</given-names>
					</name>
                                        
					<xref ref-type="aff" rid="aff1"><sup>1</sup></xref>


				</contrib>



				<contrib contrib-type="author">
					<name>
						<surname>Huxlin</surname>
						<given-names>Krystel</given-names>
					</name>
                                        
					<xref ref-type="aff" rid="aff1"><sup>1</sup></xref>


				</contrib>



				<contrib contrib-type="author">
					<name>
						<surname>Briggs</surname>
						<given-names>Farran</given-names>
					</name>
                                        
					<xref ref-type="aff" rid="aff1"><sup>1</sup></xref>


				</contrib>




                          
				<aff id="aff1">
					<label><sup>1</sup></label>
					<institution>University of Rochester</institution>
				</aff>


			</contrib-group>
			<pub-date pub-type="ppub"><month>9</month>
				<year>2023</year>
			</pub-date>
			<pub-date pub-type="epub"><month>9</month>
				<year>2023</year>
			</pub-date>
						<volume>23</volume>
						<issue>11</issue>
						<fpage>79</fpage>
						<lpage>79</lpage>
			<permissions>
				<license license-type="cc-by-nc-nd" xlink:href="http://creativecommons.org/licenses/by-nc-nd/4.0/">
					<license-p>This work is licensed under a Creative Commons Attribution-NonCommercial-NoDerivatives 4.0 International License.</license-p>
				</license>
			</permissions>
			<abstract>
				<p>Attesting to the relative strength of retinal inputs to the dorsal lateral geniculate nucleus (LGN) of the thalamus, in cats, acute retinal lesions erase responses of LGN neurons whose receptive fields fall within the retinal lesion projection zone (LPZ). Yet, thirty days later, these receptive fields appear to shift their representation to the immediate surround of the LPZ. However, little is known about whether LGN neurons in parallel streams are equally affected following retinal damage. Here, we asked whether changes in response properties of surviving LGN neurons depend on (1) their identity as either X/Y or ON/OFF cells, or (2) their receptive fields’ positions relative to the LPZ. To test these hypotheses, we made retinal lesions by injecting kainic acid (KA) into one eye of ferrets and recorded from LGN neurons bilaterally in response to visual stimuli 7 days post-lesion. Area and eccentricities of retinal ganglion cell (RGC) loss in the retina were measured by RBPMS immunostaining. Relative eccentricities of recorded LGN neurons were based on electrode tracts. Our preliminary data suggest that RGC with large cell bodies are preserved in the lesioned eye. Additionally, we observed normal transient responses but altered sustained responses to flashing stimuli among contralateral responsive OFF LGN neurons. Together, these findings support the notion that acute KA lesions may differentially impact visual parallel processing streams at the surround of the LPZ in the LGN.</p>
			</abstract>
		</article-meta>
	</front>
	<back>
                
               <fn-group>
			<fn>
				<p>Funding: Funding: EY031520</p>
			</fn>
		</fn-group>

	</back>
</article>