<?xml version="1.0"?><!DOCTYPE article PUBLIC "-//NLM//DTD JATS (Z39.96) Journal Publishing DTD v1.0 20120330//EN" "http://jats.nlm.nih.gov/publishing/1.0/JATS-journalpublishing1.dtd">
<article xmlns:mml="http://www.w3.org/1998/Math/MathML" xmlns:xlink="http://www.w3.org/1999/xlink" article-type="Optica Fall Vision Meeting Abstract">
	<front>
		<journal-meta>
			<journal-id journal-id-type="hwp">jov</journal-id>
			<journal-id journal-id-type="publisher-id">JOVI</journal-id>
			<journal-title-group>
				<journal-title>Journal of Vision</journal-title>
			</journal-title-group>
			<issn pub-type="epub">1534-7362</issn>
			<publisher>
				<publisher-name>Association for Research in Vision and Ophthalmology</publisher-name>
			</publisher>
		</journal-meta>
		<article-meta>
			<article-id pub-id-type="doi">10.1167/jov.23.11.27</article-id>
			<article-id pub-id-type="manuscript">Talks_27</article-id>
			<article-categories>
				<subj-group subj-group-type="category">
					<subject>Invited Session IV: Studies of the visual cortex with sub-millimeter resolution</subject>
				</subj-group>
			</article-categories>
			<title-group>
				<article-title>Invited Session IV: Studies of the visual cortex with sub-millimeter resolution: Development of natural scene processing continues after the critical period for ocular dominance plasticity closes</article-title>
			</title-group>
			<contrib-group>
                          
				<contrib contrib-type="author">
					<name>
						<surname>Kuhlman</surname>
						<given-names>Sandra</given-names>
					</name>
                                        
					<xref ref-type="aff" rid="aff1"><sup>1</sup></xref>


				</contrib>




                          
				<aff id="aff1">
					<label><sup>1</sup></label>
					<institution>Carnegie Mellon University</institution>
				</aff>


			</contrib-group>
			<pub-date pub-type="ppub"><month>9</month>
				<year>2023</year>
			</pub-date>
			<pub-date pub-type="epub"><month>9</month>
				<year>2023</year>
			</pub-date>
						<volume>23</volume>
						<issue>11</issue>
						<fpage>27</fpage>
						<lpage>27</lpage>
			<permissions>
				<license license-type="cc-by-nc-nd" xlink:href="http://creativecommons.org/licenses/by-nc-nd/4.0/">
					<license-p>This work is licensed under a Creative Commons Attribution-NonCommercial-NoDerivatives 4.0 International License.</license-p>
				</license>
			</permissions>
			<abstract>
				<p>The development of the visual system is known to be shaped by early-life experience.  How complex responses to naturalistic scenes emerge from neurons that are innately tuned to simple orientations is an active area of investigation.  Using 2-photon calcium in awake mice, we found that natural scene discriminability increases by 75% between the ages of 4 to 6 weeks in primary visual cortex. This increase in decoding accuracy is accompanied by a shift in neuronal preference towards natural scenes. Natural scene discriminability, therefore, continues to improve past the peak of the critical period for ocular dominance plasticity at postnatal day (p) 28. Notably visual deprivation specifically from p28 to p42 interfered with the full development of this preference shift and impaired natural scene decoding accuracy.  We are currently exploring the circuit basis for this protracted development.  We speculate that a sequential progression in which neurons first prefer simple stimuli such as oriented bars of light (grating stimuli) prior to the development of selectivity for complex features may help ensure that the spatial organization of receptive fields is maintained as the system becomes refined to represent salient visual cues as animals expand their behavioral repertoire and learn to navigate complex environments.</p>
			</abstract>
		</article-meta>
	</front>
	<back>
                
               <fn-group>
			<fn>
				<p>Funding: Funding: NIH R01EY024678</p>
			</fn>
		</fn-group>

	</back>
</article>