<?xml version="1.0"?><!DOCTYPE article PUBLIC "-//NLM//DTD JATS (Z39.96) Journal Publishing DTD v1.0 20120330//EN" "http://jats.nlm.nih.gov/publishing/1.0/JATS-journalpublishing1.dtd">
<article xmlns:mml="http://www.w3.org/1998/Math/MathML" xmlns:xlink="http://www.w3.org/1999/xlink" article-type="Optica Fall Vision Meeting Abstract">
	<front>
		<journal-meta>
			<journal-id journal-id-type="hwp">jov</journal-id>
			<journal-id journal-id-type="publisher-id">JOVI</journal-id>
			<journal-title-group>
				<journal-title>Journal of Vision</journal-title>
			</journal-title-group>
			<issn pub-type="epub">1534-7362</issn>
			<publisher>
				<publisher-name>Association for Research in Vision and Ophthalmology</publisher-name>
			</publisher>
		</journal-meta>
		<article-meta>
			<article-id pub-id-type="doi">10.1167/jov.23.11.56</article-id>
			<article-id pub-id-type="manuscript">Talks_56</article-id>
			<article-categories>
				<subj-group subj-group-type="category">
					<subject>Poster Session</subject>
				</subj-group>
			</article-categories>
			<title-group>
				<article-title>Poster Session: A direct measure of adaptation and visual salience</article-title>
			</title-group>
			<contrib-group>
                          
				<contrib contrib-type="author">
					<name>
						<surname>Kuppuswamy Parthasarathy</surname>
						<given-names>Mohana</given-names>
					</name>
                                        
					<xref ref-type="aff" rid="aff1"><sup>1</sup></xref>


				</contrib>



				<contrib contrib-type="author">
					<name>
						<surname>Lee Corsini</surname>
						<given-names>Kassandra</given-names>
					</name>
                                        
					<xref ref-type="aff" rid="aff1"><sup>1</sup></xref>


				</contrib>



				<contrib contrib-type="author">
					<name>
						<surname>K Abbey</surname>
						<given-names>Craig</given-names>
					</name>
                                        
					<xref ref-type="aff" rid="aff2"><sup>2</sup></xref>


				</contrib>



				<contrib contrib-type="author">
					<name>
						<surname>A. Webster</surname>
						<given-names>Michael</given-names>
					</name>
                                        
					<xref ref-type="aff" rid="aff1"><sup>1</sup></xref>


				</contrib>




                          
				<aff id="aff1">
					<label><sup>1</sup></label>
					<institution>University of Nevada, Reno</institution>
				</aff>


				<aff id="aff2">
					<label><sup>2</sup></label>
					<institution>University of California, Santa Barbara</institution>
				</aff>


			</contrib-group>
			<pub-date pub-type="ppub"><month>9</month>
				<year>2023</year>
			</pub-date>
			<pub-date pub-type="epub"><month>9</month>
				<year>2023</year>
			</pub-date>
						<volume>23</volume>
						<issue>11</issue>
						<fpage>56</fpage>
						<lpage>56</lpage>
			<permissions>
				<license license-type="cc-by-nc-nd" xlink:href="http://creativecommons.org/licenses/by-nc-nd/4.0/">
					<license-p>This work is licensed under a Creative Commons Attribution-NonCommercial-NoDerivatives 4.0 International License.</license-p>
				</license>
			</permissions>
			<abstract>
				<p>One hypothesized function of adaptation is to increase the salience of novel targets by discounting the properties of the ambient environment. Previous studies have suggested this by finding faster search times for novel targets when searching on backgrounds observers are currently adapted to. However, this provides only an indirect measure of salience. Here, we developed a more direct measure of the impact of adaptation on feature salience. Backgrounds were oriented 1/f noise images with power confined within 15 deg of horizontal or vertical. Targets were 5 c/deg Gabor patches centered on the 8 deg backgrounds. Observers simultaneously adapted to the horizontal or vertical backgrounds shown on the left or right of fixation. A 250ms test probe then showed the Gabor patch on the same background (horizontal or vertical) on both sides. The target orientation was adjusted on one side until it appeared as conspicuous as a fixed target on the other side. Settings were made for fixed targets ranging from 10 to 45 deg from the backgrounds. For most conditions/observers, the salience matches required a smaller orientation offset on the same- vs. different-adapt background. These results support a functional role of adaptation in highlighting novelty by potentially “unmasking” the target from its background, and emphasize the importance of considering adaptation aftereffects not only for isolated targets but within the stimulus contexts they are embedded in.</p>
			</abstract>
		</article-meta>
	</front>
	<back>
                
               <fn-group>
			<fn>
				<p>Funding: Funding: CA-237827</p>
			</fn>
		</fn-group>

	</back>
</article>