<?xml version="1.0"?><!DOCTYPE article PUBLIC "-//NLM//DTD JATS (Z39.96) Journal Publishing DTD v1.0 20120330//EN" "http://jats.nlm.nih.gov/publishing/1.0/JATS-journalpublishing1.dtd">
<article xmlns:mml="http://www.w3.org/1998/Math/MathML" xmlns:xlink="http://www.w3.org/1999/xlink" article-type="Optica Fall Vision Meeting Abstract">
	<front>
		<journal-meta>
			<journal-id journal-id-type="hwp">jov</journal-id>
			<journal-id journal-id-type="publisher-id">JOVI</journal-id>
			<journal-title-group>
				<journal-title>Journal of Vision</journal-title>
			</journal-title-group>
			<issn pub-type="epub">1534-7362</issn>
			<publisher>
				<publisher-name>Association for Research in Vision and Ophthalmology</publisher-name>
			</publisher>
		</journal-meta>
		<article-meta>
			<article-id pub-id-type="doi">10.1167/jov.23.11.14</article-id>
			<article-id pub-id-type="manuscript">Talks_14</article-id>
			<article-categories>
				<subj-group subj-group-type="category">
					<subject>Invited Session II: Myopia and myopia control</subject>
				</subj-group>
			</article-categories>
			<title-group>
				<article-title>Invited Session II: Myopia and myopia control: Ocular growth regulation and the complexities of optical defocus decoding: A perspective from studies in chicks</article-title>
			</title-group>
			<contrib-group>
                          
				<contrib contrib-type="author">
					<name>
						<surname>Wildsoet</surname>
						<given-names>Christine F</given-names>
					</name>
                                        
					<xref ref-type="aff" rid="aff1"><sup>1</sup></xref>


				</contrib>




                          
				<aff id="aff1">
					<label><sup>1</sup></label>
					<institution>Herbert Wertheim School of Optometry &amp Vision Science, UC Berkeley</institution>
				</aff>


			</contrib-group>
			<pub-date pub-type="ppub"><month>9</month>
				<year>2023</year>
			</pub-date>
			<pub-date pub-type="epub"><month>9</month>
				<year>2023</year>
			</pub-date>
						<volume>23</volume>
						<issue>11</issue>
						<fpage>14</fpage>
						<lpage>14</lpage>
			<permissions>
				<license license-type="cc-by-nc-nd" xlink:href="http://creativecommons.org/licenses/by-nc-nd/4.0/">
					<license-p>This work is licensed under a Creative Commons Attribution-NonCommercial-NoDerivatives 4.0 International License.</license-p>
				</license>
			</permissions>
			<abstract>
				<p>The COVD pandemic has seen a further rise in the prevalence of myopia world-wide, adding to the urgency of effective treatments that can prevent or slow myopia progression. In addition to multifocal soft contact lenses and orthokeratology lenses for myopia control, a variety of novel spectacle lenses involving modified peripheries are either currently under clinical trial or recently approved. Yet still unresolved questions related to underlying retinal mechanisms of action represent handicaps to their further refinement and improved efficacy. In this presentation, results will be presented from studies using young chicks as a model for manipulating the amount, retinal location and timing of imposed optical defocus, as well as the spatial frequency content of retinal images (with Bangerter foils), by way of offering some additional insights into mechanisms. The predictive values of choroidal thickness changes, as well as eye shape changes, as determinants of “myopia control”, will also be considered.</p>
			</abstract>
		</article-meta>
	</front>
	<back>
                
               <fn-group>
			<fn>
				<p>Funding: Funding: National Eye Institute Grants R01EY012392 (CFW).</p>
			</fn>
		</fn-group>

	</back>
</article>